margaret-fuller-summer-on-the-lakes,mary-shelley-frankenstein,5.39597342408e-06,False
gustave-flaubert-short-works,samuel-taylor-coleridge-specimens-of-the-table-talk,1.15557799525e-05,False
mary-shelley-prosepine-midas,mary-shelley-mathilda,3.17327319075e-05,True
henry-david-thoreau-maine-woods,henry-david-thoreau-excursions,5.98834146516e-05,True
gustave-flaubert-short-works,gustave-flaubert-simple-soul,6.14007366057e-05,True
henry-david-thoreau-maine-woods,samuel-taylor-coleridge-literary-remains,6.34381485491e-05,False
samuel-taylor-coleridge-specimens-of-the-table-talk,gustave-flaubert-simple-soul,7.29565165581e-05,False
samuel-taylor-coleridge-shakespere,gustave-flaubert-temptation-anthony,9.65214740516e-05,False
margaret-fuller-woman-in-the-nineteenth-century,margaret-fuller-life-without-and-life-within,0.000109861865813,True
henry-david-thoreau-excursions,samuel-taylor-coleridge-literary-remains,0.000123321563201,False
walter-scott-ivanhoe,walter-scott-the-monestary,0.000126715232315,True
mary-shelley-last-man,mary-shelley-tales-stories,0.000145349073852,True
mary-shelley-frankenstein,margaret-fuller-memoirs-of-margaret-fuller-ossoli-vol-1,0.000237739909332,False
samuel-taylor-coleridge-shakespere,samuel-taylor-coleridge-literary-remains,0.000240095595491,True
margaret-fuller-summer-on-the-lakes,margaret-fuller-memoirs-of-margaret-fuller-ossoli-vol-1,0.000243135882756,True
margaret-fuller-life-without-and-life-within,margaret-fuller-memoirs-of-margaret-fuller-ossoli-vol-1,0.000260556069952,True
henry-david-thoreau-cape-cod,gustave-flaubert-temptation-anthony,0.000291806577365,False
samuel-taylor-coleridge-shakespere,henry-david-thoreau-maine-woods,0.00030353374404,False
henry-david-thoreau-on-duty-civil,henry-david-thoreau-walking,0.000335090031417,True
gustave-flaubert-temptation-anthony,samuel-taylor-coleridge-literary-remains,0.000336617069542,False
samuel-taylor-coleridge-shakespere,henry-david-thoreau-excursions,0.000363417158691,False
henry-david-thoreau-on-duty-civil,henry-david-thoreau-excursions,0.000363448645279,True
margaret-fuller-woman-in-the-nineteenth-century,margaret-fuller-memoirs-of-margaret-fuller-ossoli-vol-1,0.000370417935765,True
samuel-taylor-coleridge-shakespere,henry-david-thoreau-cape-cod,0.000388328051417,False
walter-scott-the-tailsmen,walter-scott-waverly-1,0.000394296002712,True
henry-david-thoreau-maine-woods,gustave-flaubert-temptation-anthony,0.000400055218091,False
margaret-fuller-woman-in-the-nineteenth-century,margaret-fuller-at-home-and-abroad,0.000408405914788,True
fyodor-dostoyevsky-the-house-of-the-dead,fyodor-dostoyevsky-uncles-dream,0.000418135865197,True
henry-david-thoreau-maine-woods,henry-david-thoreau-on-duty-civil,0.000423332059931,True
henry-david-thoreau-excursions,gustave-flaubert-temptation-anthony,0.000459938632743,False
henry-david-thoreau-on-duty-civil,samuel-taylor-coleridge-literary-remains,0.00048677020848,False
mary-shelley-frankenstein,margaret-fuller-life-without-and-life-within,0.000498295979284,False
margaret-fuller-summer-on-the-lakes,margaret-fuller-life-without-and-life-within,0.000503691952708,True
margaret-fuller-life-without-and-life-within,margaret-fuller-at-home-and-abroad,0.000518267780601,True
fyodor-dostoyevsky-white-nights,fyodor-dostoyevsky-uncles-dream,0.000592740867429,True
margaret-fuller-woman-in-the-nineteenth-century,mary-shelley-frankenstein,0.000608157845097,False
margaret-fuller-summer-on-the-lakes,margaret-fuller-woman-in-the-nineteenth-century,0.000613553818521,True
henry-david-thoreau-cape-cod,samuel-taylor-coleridge-literary-remains,0.000628423646907,False
mary-shelley-mathilda,mary-shelley-tales-stories,0.000651577633426,True
mary-shelley-prosepine-midas,mary-shelley-tales-stories,0.000683310365334,True
henry-david-thoreau-cape-cod,henry-david-thoreau-maine-woods,0.000691861795456,True
henry-david-thoreau-excursions,henry-david-thoreau-walking,0.000698538676696,True
samuel-taylor-coleridge-shakespere,henry-david-thoreau-on-duty-civil,0.000726865803971,False
henry-david-thoreau-cape-cod,henry-david-thoreau-excursions,0.000751745210108,True
henry-david-thoreau-maine-woods,henry-david-thoreau-walking,0.000758422091348,True
margaret-fuller-at-home-and-abroad,margaret-fuller-memoirs-of-margaret-fuller-ossoli-vol-1,0.000778823850554,True
mary-shelley-mathilda,mary-shelley-last-man,0.000796926707278,True
henry-david-thoreau-walking,samuel-taylor-coleridge-literary-remains,0.000821860239897,False
henry-david-thoreau-on-duty-civil,gustave-flaubert-temptation-anthony,0.000823387278022,False
mary-shelley-prosepine-midas,mary-shelley-last-man,0.000828659439185,True
gustave-flaubert-salammbo,gustave-flaubert-simple-soul,0.000878173417454,True
walter-scott-waverly-2,walter-scott-waverly-1,0.000892174711736,True
samuel-taylor-coleridge-specimens-of-the-table-talk,henry-david-thoreau-cape-cod,0.00089718803891,False
gustave-flaubert-short-works,henry-david-thoreau-cape-cod,0.000908743818863,False
gustave-flaubert-short-works,gustave-flaubert-salammbo,0.00093957415406,True
gustave-flaubert-salammbo,samuel-taylor-coleridge-specimens-of-the-table-talk,0.000951129934012,False
henry-david-thoreau-cape-cod,gustave-flaubert-simple-soul,0.000970144555469,False
gustave-flaubert-madame-bovary,gustave-flaubert-salammbo,0.000995924963698,True
fyodor-dostoyevsky-white-nights,fyodor-dostoyevsky-the-house-of-the-dead,0.00101087673263,True
mary-shelley-frankenstein,margaret-fuller-at-home-and-abroad,0.00101656375989,False
margaret-fuller-summer-on-the-lakes,margaret-fuller-at-home-and-abroad,0.00102195973331,True
samuel-taylor-coleridge-shakespere,henry-david-thoreau-walking,0.00106195583539,False
margaret-fuller-summer-on-the-lakes,mary-shelley-last-man,0.00107496955393,False
mary-shelley-frankenstein,mary-shelley-last-man,0.00108036552736,True
henry-david-thoreau-cape-cod,henry-david-thoreau-on-duty-civil,0.00111519385539,True
henry-david-thoreau-walking,gustave-flaubert-temptation-anthony,0.00115847730944,False
samuel-taylor-coleridge-specimens-of-the-table-talk,gustave-flaubert-temptation-anthony,0.00118899461628,False
gustave-flaubert-short-works,gustave-flaubert-temptation-anthony,0.00120055039623,True
margaret-fuller-summer-on-the-lakes,mary-shelley-tales-stories,0.00122031862779,False
mary-shelley-frankenstein,mary-shelley-tales-stories,0.00122571460121,True
gustave-flaubert-simple-soul,gustave-flaubert-temptation-anthony,0.00126195113283,True
fyodor-dostoyevsky-white-nights,gustave-flaubert-madame-bovary,0.00126678219914,False
samuel-taylor-coleridge-shakespere,samuel-taylor-coleridge-specimens-of-the-table-talk,0.00128551609033,True
samuel-taylor-coleridge-biographia-literaria,margaret-fuller-at-home-and-abroad,0.00128584072059,False
walter-scott-the-tailsmen,walter-scott-waverly-2,0.00128647071445,True
samuel-taylor-coleridge-shakespere,gustave-flaubert-short-works,0.00129707187028,False
mary-shelley-last-man,margaret-fuller-memoirs-of-margaret-fuller-ossoli-vol-1,0.00131810543669,False
samuel-taylor-coleridge-shakespere,gustave-flaubert-simple-soul,0.00135847260689,False
henry-david-thoreau-cape-cod,henry-david-thoreau-walking,0.0014502838868,True
margaret-fuller-memoirs-of-margaret-fuller-ossoli-vol-1,mary-shelley-tales-stories,0.00146345451054,False
samuel-taylor-coleridge-specimens-of-the-table-talk,samuel-taylor-coleridge-literary-remains,0.00152561168582,True
gustave-flaubert-short-works,samuel-taylor-coleridge-literary-remains,0.00153716746577,False
leo-tolstoy-war-and-peace-2,leo-tolstoy-war-and-peace-1,0.00154150865583,True
mary-shelley-prosepine-midas,samuel-taylor-coleridge-aids-to-reflection,0.00157744281725,False
margaret-fuller-life-without-and-life-within,mary-shelley-last-man,0.00157866150664,False
samuel-taylor-coleridge-specimens-of-the-table-talk,henry-david-thoreau-maine-woods,0.00158904983437,False
gustave-flaubert-simple-soul,samuel-taylor-coleridge-literary-remains,0.00159856820238,False
gustave-flaubert-short-works,henry-david-thoreau-maine-woods,0.00160060561432,False
samuel-taylor-coleridge-aids-to-reflection,mary-shelley-mathilda,0.00160917554916,False
samuel-taylor-coleridge-specimens-of-the-table-talk,henry-david-thoreau-excursions,0.00164893324902,False
gustave-flaubert-short-works,henry-david-thoreau-excursions,0.00166048902897,False
henry-david-thoreau-maine-woods,gustave-flaubert-simple-soul,0.00166200635092,False
margaret-fuller-woman-in-the-nineteenth-century,mary-shelley-last-man,0.00168852337246,False
margaret-fuller-woman-in-the-nineteenth-century,samuel-taylor-coleridge-biographia-literaria,0.00169424663537,False
gustave-flaubert-simple-soul,henry-david-thoreau-excursions,0.00172188976558,False
margaret-fuller-life-without-and-life-within,mary-shelley-tales-stories,0.00172401058049,False
margaret-fuller-life-without-and-life-within,samuel-taylor-coleridge-biographia-literaria,0.00180410850119,False
margaret-fuller-woman-in-the-nineteenth-century,mary-shelley-tales-stories,0.00183387244631,False
gustave-flaubert-salammbo,henry-david-thoreau-cape-cod,0.00184831797292,False
gustave-flaubert-madame-bovary,fyodor-dostoyevsky-uncles-dream,0.00185952306657,False
margaret-fuller-summer-on-the-lakes,mary-shelley-mathilda,0.00187189626121,False
gustave-flaubert-madame-bovary,gustave-flaubert-simple-soul,0.00187409838115,True
mary-shelley-frankenstein,mary-shelley-mathilda,0.00187729223464,True
margaret-fuller-summer-on-the-lakes,mary-shelley-prosepine-midas,0.00190362899312,False
mary-shelley-prosepine-midas,mary-shelley-frankenstein,0.00190902496654,True
gustave-flaubert-short-works,gustave-flaubert-madame-bovary,0.00193549911776,True
gustave-flaubert-madame-bovary,samuel-taylor-coleridge-specimens-of-the-table-talk,0.00194705489771,False
samuel-taylor-coleridge-specimens-of-the-table-talk,henry-david-thoreau-on-duty-civil,0.0020123818943,False
fyodor-dostoyevsky-poor-folk,fyodor-dostoyevsky-the-gambler,0.00201734594565,True
gustave-flaubert-short-works,henry-david-thoreau-on-duty-civil,0.00202393767425,False
ralph-waldo-emerson-first-series,ralph-waldo-emerson-nature,0.00202588837204,True
samuel-taylor-coleridge-biographia-literaria,margaret-fuller-memoirs-of-margaret-fuller-ossoli-vol-1,0.00206466457114,False
gustave-flaubert-simple-soul,henry-david-thoreau-on-duty-civil,0.00208533841086,False
mary-shelley-last-man,margaret-fuller-at-home-and-abroad,0.00209692928724,False
mary-shelley-mathilda,margaret-fuller-memoirs-of-margaret-fuller-ossoli-vol-1,0.00211503214397,False
gustave-flaubert-salammbo,gustave-flaubert-temptation-anthony,0.00214012455029,True
mary-shelley-prosepine-midas,margaret-fuller-memoirs-of-margaret-fuller-ossoli-vol-1,0.00214676487588,False
samuel-taylor-coleridge-shakespere,gustave-flaubert-salammbo,0.00223664602434,False
margaret-fuller-at-home-and-abroad,mary-shelley-tales-stories,0.0022422783611,False
samuel-taylor-coleridge-aids-to-reflection,mary-shelley-tales-stories,0.00226075318259,False
fyodor-dostoyevsky-white-nights,gustave-flaubert-salammbo,0.00226270716283,False
gustave-flaubert-madame-bovary,fyodor-dostoyevsky-the-house-of-the-dead,0.00227765893176,False
mary-shelley-frankenstein,samuel-taylor-coleridge-biographia-literaria,0.00230240448047,False
margaret-fuller-summer-on-the-lakes,samuel-taylor-coleridge-biographia-literaria,0.0023078004539,False
samuel-taylor-coleridge-specimens-of-the-table-talk,henry-david-thoreau-walking,0.00234747192571,False
gustave-flaubert-short-works,henry-david-thoreau-walking,0.00235902770567,False
margaret-fuller-life-without-and-life-within,mary-shelley-mathilda,0.00237558821392,False
samuel-taylor-coleridge-aids-to-reflection,mary-shelley-last-man,0.00240610225644,False
mary-shelley-prosepine-midas,margaret-fuller-life-without-and-life-within,0.00240732094583,False
gustave-flaubert-simple-soul,henry-david-thoreau-walking,0.00242042844227,False
gustave-flaubert-salammbo,samuel-taylor-coleridge-literary-remains,0.00247674161983,False
margaret-fuller-woman-in-the-nineteenth-century,mary-shelley-mathilda,0.00248545007973,False
mary-shelley-prosepine-midas,margaret-fuller-woman-in-the-nineteenth-century,0.00251718281164,False
gustave-flaubert-salammbo,henry-david-thoreau-maine-woods,0.00254017976838,False
gustave-flaubert-salammbo,henry-david-thoreau-excursions,0.00260006318303,False
fyodor-dostoyevsky-poor-folk,walter-scott-waverly-2,0.00271360545655,False
gustave-flaubert-madame-bovary,henry-david-thoreau-cape-cod,0.00284424293662,False
gustave-flaubert-salammbo,fyodor-dostoyevsky-uncles-dream,0.00285544803026,False
mary-shelley-mathilda,margaret-fuller-at-home-and-abroad,0.00289385599452,False
mary-shelley-prosepine-midas,margaret-fuller-at-home-and-abroad,0.00292558872643,False
leo-tolstoy-war-and-peace-1,leo-tolstoy-master-and-men,0.00293725059266,True
gustave-flaubert-salammbo,henry-david-thoreau-on-duty-civil,0.00296351182831,False
gustave-flaubert-madame-bovary,gustave-flaubert-temptation-anthony,0.00313604951399,True
fyodor-dostoyevsky-white-nights,gustave-flaubert-simple-soul,0.00314088058029,False
gustave-flaubert-short-works,fyodor-dostoyevsky-white-nights,0.00320228131689,False
fyodor-dostoyevsky-white-nights,samuel-taylor-coleridge-specimens-of-the-table-talk,0.00321383709685,False
samuel-taylor-coleridge-shakespere,gustave-flaubert-madame-bovary,0.00323257098804,False
gustave-flaubert-salammbo,fyodor-dostoyevsky-the-house-of-the-dead,0.00327358389546,False
gustave-flaubert-salammbo,henry-david-thoreau-walking,0.00329860185973,False
samuel-taylor-coleridge-biographia-literaria,mary-shelley-last-man,0.00338277000783,False
gustave-flaubert-madame-bovary,samuel-taylor-coleridge-literary-remains,0.00347266658353,False
margaret-fuller-summer-on-the-lakes,samuel-taylor-coleridge-aids-to-reflection,0.00348107181037,False
samuel-taylor-coleridge-aids-to-reflection,mary-shelley-frankenstein,0.0034864677838,False
samuel-taylor-coleridge-biographia-literaria,henry-david-thoreau-walking,0.00352690559922,False
samuel-taylor-coleridge-biographia-literaria,mary-shelley-tales-stories,0.00352811908168,False
gustave-flaubert-madame-bovary,henry-david-thoreau-maine-woods,0.00353610473208,False
gustave-flaubert-madame-bovary,henry-david-thoreau-excursions,0.00359598814673,False
fyodor-dostoyevsky-poor-folk,walter-scott-waverly-1,0.00360578016828,False
walter-scott-ivanhoe,walter-scott-the-tailsmen,0.00370491365369,True
samuel-taylor-coleridge-aids-to-reflection,margaret-fuller-memoirs-of-margaret-fuller-ossoli-vol-1,0.00372420769313,False
gustave-flaubert-simple-soul,fyodor-dostoyevsky-uncles-dream,0.00373362144772,False
gustave-flaubert-short-works,fyodor-dostoyevsky-uncles-dream,0.00379502218432,False
samuel-taylor-coleridge-specimens-of-the-table-talk,fyodor-dostoyevsky-uncles-dream,0.00380657796428,False
walter-scott-the-tailsmen,walter-scott-the-monestary,0.003831628886,True
samuel-taylor-coleridge-biographia-literaria,henry-david-thoreau-on-duty-civil,0.00386199563063,False
gustave-flaubert-madame-bovary,henry-david-thoreau-on-duty-civil,0.00395943679201,False
samuel-taylor-coleridge-aids-to-reflection,margaret-fuller-life-without-and-life-within,0.00398476376308,False
fyodor-dostoyevsky-poor-folk,walter-scott-the-tailsmen,0.004000076171,False
leo-tolstoy-master-and-men,leo-tolstoy-anna-karenina,0.00403501686171,True
margaret-fuller-woman-in-the-nineteenth-century,samuel-taylor-coleridge-aids-to-reflection,0.0040946256289,False
walter-scott-ivanhoe,walter-scott-waverly-1,0.0040992096564,True
fyodor-dostoyevsky-white-nights,henry-david-thoreau-cape-cod,0.00411102513576,False
gustave-flaubert-simple-soul,fyodor-dostoyevsky-the-house-of-the-dead,0.00415175731291,False
samuel-taylor-coleridge-biographia-literaria,mary-shelley-mathilda,0.00417969671511,False
mary-shelley-prosepine-midas,samuel-taylor-coleridge-biographia-literaria,0.00421142944702,False
gustave-flaubert-short-works,fyodor-dostoyevsky-the-house-of-the-dead,0.00421315804952,False
samuel-taylor-coleridge-specimens-of-the-table-talk,fyodor-dostoyevsky-the-house-of-the-dead,0.00422471382947,False
samuel-taylor-coleridge-biographia-literaria,henry-david-thoreau-excursions,0.00422544427591,False
walter-scott-waverly-1,walter-scott-the-monestary,0.00422592488871,True
samuel-taylor-coleridge-biographia-literaria,henry-david-thoreau-maine-woods,0.00428532769056,False
gustave-flaubert-madame-bovary,henry-david-thoreau-walking,0.00429452682342,False
samuel-taylor-coleridge-biographia-literaria,samuel-taylor-coleridge-literary-remains,0.00434876583911,True
fyodor-dostoyevsky-white-nights,gustave-flaubert-temptation-anthony,0.00440283171312,False
leo-tolstoy-war-and-peace-2,leo-tolstoy-master-and-men,0.00447875924849,True
samuel-taylor-coleridge-shakespere,fyodor-dostoyevsky-white-nights,0.00449935318717,False
samuel-taylor-coleridge-aids-to-reflection,margaret-fuller-at-home-and-abroad,0.00450303154368,False
samuel-taylor-coleridge-shakespere,samuel-taylor-coleridge-biographia-literaria,0.0045888614346,True
fyodor-dostoyevsky-the-gambler,fyodor-dostoyevsky-the-house-of-the-dead,0.00466098554232,True
samuel-taylor-coleridge-biographia-literaria,gustave-flaubert-temptation-anthony,0.00468538290866,False
henry-david-thoreau-cape-cod,fyodor-dostoyevsky-uncles-dream,0.00470376600319,False
fyodor-dostoyevsky-the-gambler,walter-scott-waverly-2,0.0047309514022,False
fyodor-dostoyevsky-white-nights,samuel-taylor-coleridge-literary-remains,0.00473944878266,False
fyodor-dostoyevsky-white-nights,henry-david-thoreau-maine-woods,0.00480288693121,False
margaret-fuller-at-home-and-abroad,henry-david-thoreau-walking,0.0048127463198,False
fyodor-dostoyevsky-white-nights,henry-david-thoreau-excursions,0.00486277034586,False
leo-tolstoy-war-and-peace-2,leo-tolstoy-war-and-peace-3,0.00490467059484,True
henry-david-thoreau-cape-cod,samuel-taylor-coleridge-biographia-literaria,0.00497718948602,False
walter-scott-ivanhoe,walter-scott-waverly-2,0.00499138436813,True
gustave-flaubert-temptation-anthony,fyodor-dostoyevsky-uncles-dream,0.00499557258055,False
fyodor-dostoyevsky-the-gambler,fyodor-dostoyevsky-uncles-dream,0.00507912140752,True
samuel-taylor-coleridge-shakespere,fyodor-dostoyevsky-uncles-dream,0.0050920940546,False
walter-scott-waverly-2,walter-scott-the-monestary,0.00511809960045,True
henry-david-thoreau-cape-cod,fyodor-dostoyevsky-the-house-of-the-dead,0.00512190186838,False
margaret-fuller-at-home-and-abroad,henry-david-thoreau-on-duty-civil,0.00514783635122,False
margaret-fuller-woman-in-the-nineteenth-century,henry-david-thoreau-walking,0.00522115223459,False
fyodor-dostoyevsky-white-nights,henry-david-thoreau-on-duty-civil,0.00522621899114,False
margaret-fuller-life-without-and-life-within,henry-david-thoreau-walking,0.0053310141004,False
fyodor-dostoyevsky-uncles-dream,samuel-taylor-coleridge-literary-remains,0.00533218965009,False
henry-david-thoreau-maine-woods,fyodor-dostoyevsky-uncles-dream,0.00539562779864,False
fyodor-dostoyevsky-the-house-of-the-dead,gustave-flaubert-temptation-anthony,0.00541370844575,False
henry-david-thoreau-excursions,fyodor-dostoyevsky-uncles-dream,0.00545551121329,False
samuel-taylor-coleridge-shakespere,fyodor-dostoyevsky-the-house-of-the-dead,0.0055102299198,False
margaret-fuller-at-home-and-abroad,henry-david-thoreau-excursions,0.0055112849965,False
margaret-fuller-woman-in-the-nineteenth-century,henry-david-thoreau-on-duty-civil,0.00555624226601,False
fyodor-dostoyevsky-white-nights,henry-david-thoreau-walking,0.00556130902256,False
henry-david-thoreau-maine-woods,margaret-fuller-at-home-and-abroad,0.00557116841115,False
henry-david-thoreau-walking,margaret-fuller-memoirs-of-margaret-fuller-ossoli-vol-1,0.00559157017036,False
fyodor-dostoyevsky-the-gambler,walter-scott-waverly-1,0.00562312611393,False
margaret-fuller-at-home-and-abroad,samuel-taylor-coleridge-literary-remains,0.0056346065597,False
margaret-fuller-life-without-and-life-within,henry-david-thoreau-on-duty-civil,0.00566610413182,False
fyodor-dostoyevsky-white-nights,fyodor-dostoyevsky-the-gambler,0.00567186227495,True
fyodor-dostoyevsky-the-house-of-the-dead,samuel-taylor-coleridge-literary-remains,0.00575032551529,False
samuel-taylor-coleridge-aids-to-reflection,samuel-taylor-coleridge-biographia-literaria,0.00578887226427,True
henry-david-thoreau-maine-woods,fyodor-dostoyevsky-the-house-of-the-dead,0.00581376366384,False
henry-david-thoreau-on-duty-civil,fyodor-dostoyevsky-uncles-dream,0.00581895985857,False
mary-shelley-frankenstein,henry-david-thoreau-walking,0.00582931007969,False
margaret-fuller-summer-on-the-lakes,henry-david-thoreau-walking,0.00583470605311,False
henry-david-thoreau-excursions,fyodor-dostoyevsky-the-house-of-the-dead,0.00587364707849,False
samuel-taylor-coleridge-specimens-of-the-table-talk,samuel-taylor-coleridge-biographia-literaria,0.00587437752493,True
samuel-taylor-coleridge-shakespere,margaret-fuller-at-home-and-abroad,0.00587470215519,False
gustave-flaubert-short-works,samuel-taylor-coleridge-biographia-literaria,0.00588593330488,False
margaret-fuller-woman-in-the-nineteenth-century,henry-david-thoreau-excursions,0.00591969091129,False
henry-david-thoreau-on-duty-civil,margaret-fuller-memoirs-of-margaret-fuller-ossoli-vol-1,0.00592666020177,False
samuel-taylor-coleridge-biographia-literaria,gustave-flaubert-simple-soul,0.00594733404149,False
margaret-fuller-at-home-and-abroad,gustave-flaubert-temptation-anthony,0.00597122362924,False
margaret-fuller-woman-in-the-nineteenth-century,henry-david-thoreau-maine-woods,0.00597957432594,False
fyodor-dostoyevsky-the-gambler,walter-scott-the-tailsmen,0.00601742211664,False
margaret-fuller-life-without-and-life-within,henry-david-thoreau-excursions,0.0060295527771,False
margaret-fuller-woman-in-the-nineteenth-century,samuel-taylor-coleridge-literary-remains,0.00604301247449,False
margaret-fuller-life-without-and-life-within,henry-david-thoreau-maine-woods,0.00608943619175,False
margaret-fuller-life-without-and-life-within,samuel-taylor-coleridge-literary-remains,0.0061528743403,False
henry-david-thoreau-walking,fyodor-dostoyevsky-uncles-dream,0.00615404988999,False
mary-shelley-frankenstein,henry-david-thoreau-on-duty-civil,0.00616440011111,False
margaret-fuller-summer-on-the-lakes,henry-david-thoreau-on-duty-civil,0.00616979608453,False
henry-david-thoreau-on-duty-civil,fyodor-dostoyevsky-the-house-of-the-dead,0.00623709572377,False
henry-david-thoreau-cape-cod,margaret-fuller-at-home-and-abroad,0.00626303020661,False
samuel-taylor-coleridge-shakespere,margaret-fuller-woman-in-the-nineteenth-century,0.00628310806998,False
henry-david-thoreau-excursions,margaret-fuller-memoirs-of-margaret-fuller-ossoli-vol-1,0.00629010884705,False
henry-david-thoreau-maine-woods,margaret-fuller-memoirs-of-margaret-fuller-ossoli-vol-1,0.0063499922617,False
margaret-fuller-woman-in-the-nineteenth-century,gustave-flaubert-temptation-anthony,0.00637962954403,False
samuel-taylor-coleridge-shakespere,margaret-fuller-life-without-and-life-within,0.00639296993579,False
margaret-fuller-memoirs-of-margaret-fuller-ossoli-vol-1,samuel-taylor-coleridge-literary-remains,0.00641343041025,False
leo-tolstoy-war-and-peace-3,leo-tolstoy-war-and-peace-1,0.00644617925066,True
margaret-fuller-life-without-and-life-within,gustave-flaubert-temptation-anthony,0.00648949140984,False
mary-shelley-frankenstein,henry-david-thoreau-excursions,0.00652784875638,False
margaret-fuller-summer-on-the-lakes,henry-david-thoreau-excursions,0.00653324472981,False
fyodor-dostoyevsky-the-house-of-the-dead,henry-david-thoreau-walking,0.00657218575519,False
mary-shelley-frankenstein,henry-david-thoreau-maine-woods,0.00658773217104,False
margaret-fuller-summer-on-the-lakes,henry-david-thoreau-maine-woods,0.00659312814446,False
mary-shelley-frankenstein,samuel-taylor-coleridge-literary-remains,0.00665117031959,False
samuel-taylor-coleridge-shakespere,margaret-fuller-memoirs-of-margaret-fuller-ossoli-vol-1,0.00665352600574,False
margaret-fuller-summer-on-the-lakes,samuel-taylor-coleridge-literary-remains,0.00665656629301,False
margaret-fuller-woman-in-the-nineteenth-century,henry-david-thoreau-cape-cod,0.0066714361214,False
fyodor-dostoyevsky-poor-folk,fyodor-dostoyevsky-the-house-of-the-dead,0.00667833148797,True
margaret-fuller-memoirs-of-margaret-fuller-ossoli-vol-1,gustave-flaubert-temptation-anthony,0.0067500474798,False
henry-david-thoreau-cape-cod,margaret-fuller-life-without-and-life-within,0.00678129798721,False
gustave-flaubert-salammbo,samuel-taylor-coleridge-biographia-literaria,0.00682550745894,False
samuel-taylor-coleridge-shakespere,mary-shelley-frankenstein,0.00689126591508,False
margaret-fuller-summer-on-the-lakes,samuel-taylor-coleridge-shakespere,0.0068966618885,False
mary-shelley-last-man,henry-david-thoreau-walking,0.00690967560705,False
gustave-flaubert-madame-bovary,fyodor-dostoyevsky-the-gambler,0.00693864447409,False
leo-tolstoy-war-and-peace-1,leo-tolstoy-anna-karenina,0.00697226745437,True
mary-shelley-frankenstein,gustave-flaubert-temptation-anthony,0.00698778738913,False
margaret-fuller-summer-on-the-lakes,gustave-flaubert-temptation-anthony,0.00699318336255,False
henry-david-thoreau-cape-cod,margaret-fuller-memoirs-of-margaret-fuller-ossoli-vol-1,0.00704185405716,False
henry-david-thoreau-walking,mary-shelley-tales-stories,0.0070550246809,False
fyodor-dostoyevsky-poor-folk,fyodor-dostoyevsky-uncles-dream,0.00709646735317,True
samuel-taylor-coleridge-specimens-of-the-table-talk,margaret-fuller-at-home-and-abroad,0.00716021824552,False
gustave-flaubert-short-works,margaret-fuller-at-home-and-abroad,0.00717177402547,False
margaret-fuller-at-home-and-abroad,gustave-flaubert-simple-soul,0.00723317476208,False
mary-shelley-last-man,henry-david-thoreau-on-duty-civil,0.00724476563846,False
mary-shelley-frankenstein,henry-david-thoreau-cape-cod,0.00727959396649,False
margaret-fuller-summer-on-the-lakes,henry-david-thoreau-cape-cod,0.00728498993992,False
walter-scott-the-monestary,ralph-waldo-emerson-second-series,0.00732358175218,False
henry-david-thoreau-on-duty-civil,mary-shelley-tales-stories,0.00739011471232,False
walter-scott-ivanhoe,ralph-waldo-emerson-second-series,0.0074502969845,False
margaret-fuller-woman-in-the-nineteenth-century,samuel-taylor-coleridge-specimens-of-the-table-talk,0.00756862416031,False
gustave-flaubert-short-works,margaret-fuller-woman-in-the-nineteenth-century,0.00758017994026,False
mary-shelley-last-man,henry-david-thoreau-excursions,0.00760821428374,False
margaret-fuller-woman-in-the-nineteenth-century,gustave-flaubert-simple-soul,0.00764158067686,False
henry-david-thoreau-maine-woods,mary-shelley-last-man,0.0076680976984,False
samuel-taylor-coleridge-specimens-of-the-table-talk,margaret-fuller-life-without-and-life-within,0.00767848602612,False
fyodor-dostoyevsky-white-nights,fyodor-dostoyevsky-poor-folk,0.0076892082206,True
gustave-flaubert-short-works,margaret-fuller-life-without-and-life-within,0.00769004180607,False
fyodor-dostoyevsky-poor-folk,walter-scott-ivanhoe,0.00770498982468,False
mary-shelley-mathilda,henry-david-thoreau-walking,0.00770660231433,False
mary-shelley-last-man,samuel-taylor-coleridge-literary-remains,0.00773153584694,False
mary-shelley-prosepine-midas,henry-david-thoreau-walking,0.00773833504623,False
margaret-fuller-life-without-and-life-within,gustave-flaubert-simple-soul,0.00775144254268,False
henry-david-thoreau-excursions,mary-shelley-tales-stories,0.0077535633576,False
henry-david-thoreau-maine-woods,mary-shelley-tales-stories,0.00781344677225,False
gustave-flaubert-madame-bovary,samuel-taylor-coleridge-biographia-literaria,0.00782143242264,False
fyodor-dostoyevsky-poor-folk,walter-scott-the-monestary,0.007831705057,False
samuel-taylor-coleridge-literary-remains,mary-shelley-tales-stories,0.0078768849208,False
gustave-flaubert-salammbo,fyodor-dostoyevsky-the-gambler,0.00793456943778,False
samuel-taylor-coleridge-specimens-of-the-table-talk,margaret-fuller-memoirs-of-margaret-fuller-ossoli-vol-1,0.00793904209607,False
gustave-flaubert-short-works,margaret-fuller-memoirs-of-margaret-fuller-ossoli-vol-1,0.00795059787602,False
samuel-taylor-coleridge-shakespere,mary-shelley-last-man,0.00797163144243,False
gustave-flaubert-simple-soul,margaret-fuller-memoirs-of-margaret-fuller-ossoli-vol-1,0.00801199861263,False
mary-shelley-mathilda,henry-david-thoreau-on-duty-civil,0.00804169234574,False
mary-shelley-last-man,gustave-flaubert-temptation-anthony,0.00806815291649,False
mary-shelley-prosepine-midas,henry-david-thoreau-on-duty-civil,0.00807342507765,False
gustave-flaubert-salammbo,margaret-fuller-at-home-and-abroad,0.00811134817953,False
samuel-taylor-coleridge-shakespere,mary-shelley-tales-stories,0.00811698051629,False
mary-shelley-frankenstein,samuel-taylor-coleridge-specimens-of-the-table-talk,0.0081767820054,False
margaret-fuller-summer-on-the-lakes,samuel-taylor-coleridge-specimens-of-the-table-talk,0.00818217797883,False
gustave-flaubert-short-works,mary-shelley-frankenstein,0.00818833778536,False
margaret-fuller-summer-on-the-lakes,gustave-flaubert-short-works,0.00819373375878,False
gustave-flaubert-temptation-anthony,mary-shelley-tales-stories,0.00821350199034,False
mary-shelley-frankenstein,gustave-flaubert-simple-soul,0.00824973852196,False
margaret-fuller-summer-on-the-lakes,gustave-flaubert-simple-soul,0.00825513449539,False
henry-david-thoreau-cape-cod,mary-shelley-last-man,0.00835995949385,False
mary-shelley-mathilda,henry-david-thoreau-excursions,0.00840514099102,False
mary-shelley-prosepine-midas,henry-david-thoreau-excursions,0.00843687372293,False
henry-david-thoreau-maine-woods,mary-shelley-mathilda,0.00846502440567,False
mary-shelley-prosepine-midas,henry-david-thoreau-maine-woods,0.00849675713758,False
henry-david-thoreau-cape-cod,mary-shelley-tales-stories,0.0085053085677,False
leo-tolstoy-war-and-peace-2,leo-tolstoy-anna-karenina,0.0085137761102,True
margaret-fuller-woman-in-the-nineteenth-century,gustave-flaubert-salammbo,0.00851975409432,False
mary-shelley-mathilda,samuel-taylor-coleridge-literary-remains,0.00852846255422,False
mary-shelley-prosepine-midas,samuel-taylor-coleridge-literary-remains,0.00856019528613,False
gustave-flaubert-salammbo,margaret-fuller-life-without-and-life-within,0.00862961596013,False
ralph-waldo-emerson-representative-men,ralph-waldo-emerson-nature,0.00866789234312,True
samuel-taylor-coleridge-shakespere,mary-shelley-mathilda,0.00876855814971,False
samuel-taylor-coleridge-shakespere,mary-shelley-prosepine-midas,0.00880029088162,False
fyodor-dostoyevsky-the-gambler,gustave-flaubert-simple-soul,0.00881274285524,False
mary-shelley-mathilda,gustave-flaubert-temptation-anthony,0.00886507962376,False
gustave-flaubert-short-works,fyodor-dostoyevsky-the-gambler,0.00887414359184,False
samuel-taylor-coleridge-specimens-of-the-table-talk,fyodor-dostoyevsky-the-gambler,0.0088856993718,False
gustave-flaubert-salammbo,margaret-fuller-memoirs-of-margaret-fuller-ossoli-vol-1,0.00889017203008,False
mary-shelley-prosepine-midas,gustave-flaubert-temptation-anthony,0.00889681235567,False
gustave-flaubert-madame-bovary,fyodor-dostoyevsky-poor-folk,0.00895599041973,False
ralph-waldo-emerson-representative-men,ralph-waldo-emerson-second-series,0.00901692588037,True
fyodor-dostoyevsky-white-nights,samuel-taylor-coleridge-biographia-literaria,0.00908821462178,False
gustave-flaubert-madame-bovary,margaret-fuller-at-home-and-abroad,0.00910727314323,False
gustave-flaubert-salammbo,mary-shelley-frankenstein,0.00912791193942,False
margaret-fuller-summer-on-the-lakes,gustave-flaubert-salammbo,0.00913330791284,False
henry-david-thoreau-cape-cod,mary-shelley-mathilda,0.00915688620113,False
mary-shelley-prosepine-midas,henry-david-thoreau-cape-cod,0.00918861893304,False
samuel-taylor-coleridge-specimens-of-the-table-talk,mary-shelley-last-man,0.00925714753276,False
gustave-flaubert-short-works,mary-shelley-last-man,0.00926870331271,False
samuel-taylor-coleridge-aids-to-reflection,henry-david-thoreau-walking,0.00931577786349,False
mary-shelley-last-man,gustave-flaubert-simple-soul,0.00933010404932,False
leo-tolstoy-war-and-peace-3,leo-tolstoy-master-and-men,0.00938342984333,True
walter-scott-waverly-2,fyodor-dostoyevsky-the-house-of-the-dead,0.00939193694452,False
samuel-taylor-coleridge-specimens-of-the-table-talk,mary-shelley-tales-stories,0.00940249660661,False
gustave-flaubert-short-works,mary-shelley-tales-stories,0.00941405238657,False
gustave-flaubert-simple-soul,mary-shelley-tales-stories,0.00947545312317,False
gustave-flaubert-madame-bovary,margaret-fuller-woman-in-the-nineteenth-century,0.00951567905802,False
gustave-flaubert-madame-bovary,margaret-fuller-life-without-and-life-within,0.00962554092383,False
samuel-taylor-coleridge-aids-to-reflection,henry-david-thoreau-on-duty-civil,0.0096508678949,False
samuel-taylor-coleridge-biographia-literaria,fyodor-dostoyevsky-uncles-dream,0.00968095548921,False
walter-scott-ivanhoe,fyodor-dostoyevsky-the-gambler,0.00972233577033,False
henry-david-thoreau-cape-cod,fyodor-dostoyevsky-the-gambler,0.00978288741071,False
walter-scott-waverly-2,fyodor-dostoyevsky-uncles-dream,0.00981007280972,False
fyodor-dostoyevsky-the-gambler,walter-scott-the-monestary,0.00984905100264,False
gustave-flaubert-madame-bovary,margaret-fuller-memoirs-of-margaret-fuller-ossoli-vol-1,0.00988609699378,False
gustave-flaubert-salammbo,fyodor-dostoyevsky-poor-folk,0.00995191538343,False
samuel-taylor-coleridge-aids-to-reflection,henry-david-thoreau-excursions,0.0100143165402,False
samuel-taylor-coleridge-specimens-of-the-table-talk,mary-shelley-mathilda,0.01005407424,False
gustave-flaubert-short-works,mary-shelley-mathilda,0.01006563002,False
samuel-taylor-coleridge-aids-to-reflection,henry-david-thoreau-maine-woods,0.0100741999548,False
fyodor-dostoyevsky-the-gambler,gustave-flaubert-temptation-anthony,0.0100746939881,False
mary-shelley-prosepine-midas,samuel-taylor-coleridge-specimens-of-the-table-talk,0.0100858069719,False
gustave-flaubert-short-works,mary-shelley-prosepine-midas,0.0100973627519,False
samuel-taylor-coleridge-biographia-literaria,fyodor-dostoyevsky-the-house-of-the-dead,0.0100990913544,False
gustave-flaubert-madame-bovary,mary-shelley-frankenstein,0.0101238369031,False
mary-shelley-mathilda,gustave-flaubert-simple-soul,0.0101270307566,False
margaret-fuller-summer-on-the-lakes,gustave-flaubert-madame-bovary,0.0101292328765,False
samuel-taylor-coleridge-aids-to-reflection,samuel-taylor-coleridge-literary-remains,0.0101376381034,True
mary-shelley-prosepine-midas,gustave-flaubert-simple-soul,0.0101587634885,False
samuel-taylor-coleridge-shakespere,fyodor-dostoyevsky-the-gambler,0.0101712154621,False
gustave-flaubert-salammbo,mary-shelley-last-man,0.0102082774668,False
walter-scott-waverly-1,fyodor-dostoyevsky-the-house-of-the-dead,0.0102841116563,False
gustave-flaubert-salammbo,mary-shelley-tales-stories,0.0103536265406,False
fyodor-dostoyevsky-white-nights,margaret-fuller-at-home-and-abroad,0.0103740553424,False
samuel-taylor-coleridge-shakespere,samuel-taylor-coleridge-aids-to-reflection,0.0103777336989,True
fyodor-dostoyevsky-white-nights,walter-scott-waverly-2,0.0104028136771,False
fyodor-dostoyevsky-the-gambler,samuel-taylor-coleridge-literary-remains,0.0104113110576,False
samuel-taylor-coleridge-aids-to-reflection,gustave-flaubert-temptation-anthony,0.0104742551729,False
fyodor-dostoyevsky-the-gambler,henry-david-thoreau-maine-woods,0.0104747492062,False
fyodor-dostoyevsky-the-gambler,henry-david-thoreau-excursions,0.0105346326208,False
walter-scott-the-tailsmen,fyodor-dostoyevsky-the-house-of-the-dead,0.010678407659,False
ralph-waldo-emerson-representative-men,ralph-waldo-emerson-first-series,0.0106937807152,True
walter-scott-waverly-1,fyodor-dostoyevsky-uncles-dream,0.0107022475215,False
samuel-taylor-coleridge-aids-to-reflection,henry-david-thoreau-cape-cod,0.0107660617503,False
fyodor-dostoyevsky-white-nights,margaret-fuller-woman-in-the-nineteenth-century,0.0107824612572,False
fyodor-dostoyevsky-poor-folk,gustave-flaubert-simple-soul,0.0108300888009,False
gustave-flaubert-short-works,fyodor-dostoyevsky-poor-folk,0.0108914895375,False
fyodor-dostoyevsky-white-nights,margaret-fuller-life-without-and-life-within,0.010892323123,False
fyodor-dostoyevsky-the-gambler,henry-david-thoreau-on-duty-civil,0.0108980812661,False
fyodor-dostoyevsky-poor-folk,samuel-taylor-coleridge-specimens-of-the-table-talk,0.0109030453174,False
margaret-fuller-at-home-and-abroad,fyodor-dostoyevsky-uncles-dream,0.0109667962098,False
gustave-flaubert-salammbo,mary-shelley-mathilda,0.0110052041741,False
mary-shelley-prosepine-midas,gustave-flaubert-salammbo,0.011036936906,False
walter-scott-the-tailsmen,fyodor-dostoyevsky-uncles-dream,0.0110965435242,False
fyodor-dostoyevsky-white-nights,margaret-fuller-memoirs-of-margaret-fuller-ossoli-vol-1,0.0111528791929,False
walter-scott-the-tailsmen,ralph-waldo-emerson-second-series,0.0111552106382,False
gustave-flaubert-madame-bovary,mary-shelley-last-man,0.0112042024305,False
leo-tolstoy-war-and-peace-3,ralph-waldo-emerson-english-traits,0.0112133685898,False
fyodor-dostoyevsky-the-gambler,henry-david-thoreau-walking,0.0112331712975,False
fyodor-dostoyevsky-white-nights,walter-scott-waverly-1,0.0112949883889,False
gustave-flaubert-madame-bovary,mary-shelley-tales-stories,0.0113495515043,False
margaret-fuller-woman-in-the-nineteenth-century,fyodor-dostoyevsky-uncles-dream,0.0113752021246,False
margaret-fuller-at-home-and-abroad,fyodor-dostoyevsky-the-house-of-the-dead,0.011384932075,False
fyodor-dostoyevsky-white-nights,mary-shelley-frankenstein,0.0113906191022,False
margaret-fuller-summer-on-the-lakes,fyodor-dostoyevsky-white-nights,0.0113960150757,False
margaret-fuller-life-without-and-life-within,fyodor-dostoyevsky-uncles-dream,0.0114850639904,False
walter-scott-waverly-1,ralph-waldo-emerson-second-series,0.0115495066409,False
samuel-taylor-coleridge-aids-to-reflection,samuel-taylor-coleridge-specimens-of-the-table-talk,0.0116632497892,True
gustave-flaubert-madame-bovary,walter-scott-waverly-2,0.0116695958763,False
gustave-flaubert-short-works,samuel-taylor-coleridge-aids-to-reflection,0.0116748055692,False
fyodor-dostoyevsky-white-nights,walter-scott-the-tailsmen,0.0116892843916,False
samuel-taylor-coleridge-aids-to-reflection,gustave-flaubert-simple-soul,0.0117362063058,False
margaret-fuller-memoirs-of-margaret-fuller-ossoli-vol-1,fyodor-dostoyevsky-uncles-dream,0.0117456200603,False
margaret-fuller-woman-in-the-nineteenth-century,fyodor-dostoyevsky-the-house-of-the-dead,0.0117933379898,False
fyodor-dostoyevsky-poor-folk,henry-david-thoreau-cape-cod,0.0118002333564,False
margaret-fuller-life-without-and-life-within,fyodor-dostoyevsky-the-house-of-the-dead,0.0119031998556,False
mary-shelley-frankenstein,fyodor-dostoyevsky-uncles-dream,0.0119833599697,False
margaret-fuller-summer-on-the-lakes,fyodor-dostoyevsky-uncles-dream,0.0119887559431,False
gustave-flaubert-madame-bovary,mary-shelley-mathilda,0.0120011291377,False
mary-shelley-prosepine-midas,gustave-flaubert-madame-bovary,0.0120328618697,False
fyodor-dostoyevsky-poor-folk,gustave-flaubert-temptation-anthony,0.0120920399337,False
fyodor-dostoyevsky-the-house-of-the-dead,margaret-fuller-memoirs-of-margaret-fuller-ossoli-vol-1,0.0121637559255,False
samuel-taylor-coleridge-shakespere,fyodor-dostoyevsky-poor-folk,0.0121885614078,False
mary-shelley-frankenstein,fyodor-dostoyevsky-the-house-of-the-dead,0.0124014958349,False
margaret-fuller-summer-on-the-lakes,fyodor-dostoyevsky-the-house-of-the-dead,0.0124068918083,False
fyodor-dostoyevsky-poor-folk,samuel-taylor-coleridge-literary-remains,0.0124286570033,False
walter-scott-waverly-2,ralph-waldo-emerson-second-series,0.0124416813526,False
fyodor-dostoyevsky-white-nights,mary-shelley-last-man,0.0124709846296,False
fyodor-dostoyevsky-poor-folk,henry-david-thoreau-maine-woods,0.0124920951518,False
fyodor-dostoyevsky-poor-folk,henry-david-thoreau-excursions,0.0125519785665,False
gustave-flaubert-madame-bovary,walter-scott-waverly-1,0.012561770588,False
gustave-flaubert-salammbo,samuel-taylor-coleridge-aids-to-reflection,0.0126143797232,False
fyodor-dostoyevsky-white-nights,mary-shelley-tales-stories,0.0126163337035,False
gustave-flaubert-salammbo,walter-scott-waverly-2,0.01266552084,False
fyodor-dostoyevsky-poor-folk,henry-david-thoreau-on-duty-civil,0.0129154272117,False
gustave-flaubert-madame-bovary,walter-scott-the-tailsmen,0.0129560665907,False
mary-shelley-last-man,fyodor-dostoyevsky-uncles-dream,0.013063725497,False
fyodor-dostoyevsky-uncles-dream,mary-shelley-tales-stories,0.0132090745709,False
fyodor-dostoyevsky-poor-folk,henry-david-thoreau-walking,0.0132505172432,False
fyodor-dostoyevsky-white-nights,mary-shelley-mathilda,0.0132679113369,False
fyodor-dostoyevsky-white-nights,mary-shelley-prosepine-midas,0.0132996440688,False
leo-tolstoy-war-and-peace-3,leo-tolstoy-anna-karenina,0.013418446705,True
mary-shelley-last-man,fyodor-dostoyevsky-the-house-of-the-dead,0.0134818613622,False
walter-scott-waverly-2,gustave-flaubert-simple-soul,0.0135436942574,False
gustave-flaubert-salammbo,walter-scott-waverly-1,0.0135576955517,False
gustave-flaubert-short-works,walter-scott-waverly-2,0.013605094994,False
gustave-flaubert-madame-bovary,samuel-taylor-coleridge-aids-to-reflection,0.0136103046869,False
samuel-taylor-coleridge-specimens-of-the-table-talk,walter-scott-waverly-2,0.013616650774,False
fyodor-dostoyevsky-the-house-of-the-dead,mary-shelley-tales-stories,0.0136272104361,False
mary-shelley-mathilda,fyodor-dostoyevsky-uncles-dream,0.0138606522043,False
mary-shelley-prosepine-midas,fyodor-dostoyevsky-uncles-dream,0.0138923849362,False
gustave-flaubert-salammbo,walter-scott-the-tailsmen,0.0139519915544,False
mary-shelley-mathilda,fyodor-dostoyevsky-the-house-of-the-dead,0.0142787880695,False
mary-shelley-prosepine-midas,fyodor-dostoyevsky-the-house-of-the-dead,0.0143105208014,False
walter-scott-ivanhoe,fyodor-dostoyevsky-the-house-of-the-dead,0.0143833213127,False
walter-scott-waverly-1,gustave-flaubert-simple-soul,0.0144358689692,False
gustave-flaubert-short-works,walter-scott-waverly-1,0.0144972697058,False
samuel-taylor-coleridge-specimens-of-the-table-talk,walter-scott-waverly-1,0.0145088254857,False
fyodor-dostoyevsky-the-house-of-the-dead,walter-scott-the-monestary,0.014510036545,False
henry-david-thoreau-cape-cod,walter-scott-waverly-2,0.0145138388129,False
fyodor-dostoyevsky-the-gambler,samuel-taylor-coleridge-biographia-literaria,0.0147600768967,False
walter-scott-ivanhoe,fyodor-dostoyevsky-uncles-dream,0.0148014571779,False
walter-scott-waverly-2,gustave-flaubert-temptation-anthony,0.0148056453903,False
walter-scott-the-tailsmen,gustave-flaubert-simple-soul,0.0148301649719,False
fyodor-dostoyevsky-white-nights,samuel-taylor-coleridge-aids-to-reflection,0.014877086886,False
gustave-flaubert-short-works,walter-scott-the-tailsmen,0.0148915657085,False
samuel-taylor-coleridge-shakespere,walter-scott-waverly-2,0.0149021668643,False
samuel-taylor-coleridge-specimens-of-the-table-talk,walter-scott-the-tailsmen,0.0149031214884,False
fyodor-dostoyevsky-uncles-dream,walter-scott-the-monestary,0.0149281724102,False
walter-scott-waverly-2,samuel-taylor-coleridge-literary-remains,0.0151422624598,False
fyodor-dostoyevsky-poor-folk,ralph-waldo-emerson-second-series,0.0151552868092,False
henry-david-thoreau-maine-woods,walter-scott-waverly-2,0.0152057006084,False
walter-scott-waverly-2,henry-david-thoreau-excursions,0.015265584023,False
fyodor-dostoyevsky-white-nights,walter-scott-ivanhoe,0.0153941980453,False
henry-david-thoreau-cape-cod,walter-scott-waverly-1,0.0154060135246,False
samuel-taylor-coleridge-aids-to-reflection,fyodor-dostoyevsky-uncles-dream,0.0154698277535,False
fyodor-dostoyevsky-white-nights,walter-scott-the-monestary,0.0155209132776,False
walter-scott-waverly-2,henry-david-thoreau-on-duty-civil,0.0156290326683,False
walter-scott-waverly-1,gustave-flaubert-temptation-anthony,0.015697820102,False
samuel-taylor-coleridge-shakespere,walter-scott-waverly-1,0.0157943415761,False
henry-david-thoreau-cape-cod,walter-scott-the-tailsmen,0.0158003095274,False
samuel-taylor-coleridge-aids-to-reflection,fyodor-dostoyevsky-the-house-of-the-dead,0.0158879636187,False
walter-scott-waverly-2,henry-david-thoreau-walking,0.0159641226997,False
walter-scott-waverly-1,samuel-taylor-coleridge-literary-remains,0.0160344371715,False
fyodor-dostoyevsky-the-gambler,margaret-fuller-at-home-and-abroad,0.0160459176173,False
walter-scott-the-tailsmen,gustave-flaubert-temptation-anthony,0.0160921161047,False
henry-david-thoreau-maine-woods,walter-scott-waverly-1,0.0160978753201,False
leo-tolstoy-war-and-peace-2,ralph-waldo-emerson-english-traits,0.0161180391846,False
walter-scott-waverly-1,henry-david-thoreau-excursions,0.0161577587347,False
ralph-waldo-emerson-first-series,ralph-waldo-emerson-english-traits,0.0161615445524,True
samuel-taylor-coleridge-shakespere,walter-scott-the-tailsmen,0.0161886375788,False
ralph-waldo-emerson-representative-men,walter-scott-the-monestary,0.0163405076326,False
walter-scott-the-tailsmen,samuel-taylor-coleridge-literary-remains,0.0164287331743,False
margaret-fuller-woman-in-the-nineteenth-century,fyodor-dostoyevsky-the-gambler,0.0164543235321,False
walter-scott-ivanhoe,ralph-waldo-emerson-representative-men,0.0164672228649,False
henry-david-thoreau-maine-woods,walter-scott-the-tailsmen,0.0164921713228,False
walter-scott-waverly-1,henry-david-thoreau-on-duty-civil,0.01652120738,False
walter-scott-the-tailsmen,henry-david-thoreau-excursions,0.0165520547375,False
fyodor-dostoyevsky-the-gambler,margaret-fuller-life-without-and-life-within,0.0165641853979,False
gustave-flaubert-madame-bovary,walter-scott-ivanhoe,0.0166609802444,False
fyodor-dostoyevsky-poor-folk,samuel-taylor-coleridge-biographia-literaria,0.0167774228424,False
gustave-flaubert-madame-bovary,walter-scott-the-monestary,0.0167876954767,False
fyodor-dostoyevsky-the-gambler,margaret-fuller-memoirs-of-margaret-fuller-ossoli-vol-1,0.0168247414679,False
walter-scott-waverly-1,henry-david-thoreau-walking,0.0168562974114,False
walter-scott-the-tailsmen,henry-david-thoreau-on-duty-civil,0.0169155033827,False
mary-shelley-frankenstein,fyodor-dostoyevsky-the-gambler,0.0170624813772,False
margaret-fuller-summer-on-the-lakes,fyodor-dostoyevsky-the-gambler,0.0170678773506,False
fyodor-dostoyevsky-the-gambler,ralph-waldo-emerson-second-series,0.0171726327548,False
walter-scott-the-tailsmen,henry-david-thoreau-walking,0.0172505934142,False
gustave-flaubert-salammbo,walter-scott-ivanhoe,0.0176569052081,False
leo-tolstoy-war-and-peace-1,ralph-waldo-emerson-english-traits,0.0176595478404,False
ralph-waldo-emerson-nature,ralph-waldo-emerson-second-series,0.0176848182235,True
gustave-flaubert-salammbo,walter-scott-the-monestary,0.0177836204404,False
fyodor-dostoyevsky-poor-folk,margaret-fuller-at-home-and-abroad,0.018063263563,False
fyodor-dostoyevsky-the-gambler,mary-shelley-last-man,0.0181428469046,False
ralph-waldo-emerson-english-traits,ralph-waldo-emerson-nature,0.0181874329245,True
fyodor-dostoyevsky-the-gambler,mary-shelley-tales-stories,0.0182881959784,False
margaret-fuller-woman-in-the-nineteenth-century,fyodor-dostoyevsky-poor-folk,0.0184716694777,False
walter-scott-ivanhoe,gustave-flaubert-simple-soul,0.0185350786256,False
fyodor-dostoyevsky-poor-folk,margaret-fuller-life-without-and-life-within,0.0185815313436,False
gustave-flaubert-short-works,walter-scott-ivanhoe,0.0185964793622,False
samuel-taylor-coleridge-specimens-of-the-table-talk,walter-scott-ivanhoe,0.0186080351421,False
gustave-flaubert-simple-soul,walter-scott-the-monestary,0.0186617938579,False
gustave-flaubert-short-works,walter-scott-the-monestary,0.0187231945945,False
samuel-taylor-coleridge-specimens-of-the-table-talk,walter-scott-the-monestary,0.0187347503744,False
fyodor-dostoyevsky-poor-folk,margaret-fuller-memoirs-of-margaret-fuller-ossoli-vol-1,0.0188420874135,False
fyodor-dostoyevsky-the-gambler,mary-shelley-mathilda,0.0189397736118,False
mary-shelley-prosepine-midas,fyodor-dostoyevsky-the-gambler,0.0189715063437,False
mary-shelley-frankenstein,fyodor-dostoyevsky-poor-folk,0.0190798273228,False
margaret-fuller-summer-on-the-lakes,fyodor-dostoyevsky-poor-folk,0.0190852232963,False
samuel-taylor-coleridge-biographia-literaria,walter-scott-waverly-2,0.0194910282989,False
walter-scott-ivanhoe,henry-david-thoreau-cape-cod,0.019505223181,False
henry-david-thoreau-cape-cod,walter-scott-the-monestary,0.0196319384134,False
ralph-waldo-emerson-first-series,ralph-waldo-emerson-second-series,0.0197107065955,True
walter-scott-ivanhoe,gustave-flaubert-temptation-anthony,0.0197970297584,False
samuel-taylor-coleridge-shakespere,walter-scott-ivanhoe,0.0198935512325,False
gustave-flaubert-temptation-anthony,walter-scott-the-monestary,0.0199237449907,False
samuel-taylor-coleridge-shakespere,walter-scott-the-monestary,0.0200202664648,False
walter-scott-ivanhoe,samuel-taylor-coleridge-literary-remains,0.0201336468279,False
fyodor-dostoyevsky-poor-folk,mary-shelley-last-man,0.0201601928502,False
walter-scott-the-tailsmen,ralph-waldo-emerson-representative-men,0.0201721365186,False
walter-scott-ivanhoe,henry-david-thoreau-maine-woods,0.0201970849765,False
walter-scott-ivanhoe,henry-david-thoreau-excursions,0.0202569683911,False
walter-scott-the-monestary,samuel-taylor-coleridge-literary-remains,0.0202603620603,False
fyodor-dostoyevsky-poor-folk,mary-shelley-tales-stories,0.0203055419241,False
henry-david-thoreau-maine-woods,walter-scott-the-monestary,0.0203238002088,False
samuel-taylor-coleridge-biographia-literaria,walter-scott-waverly-1,0.0203832030107,False
henry-david-thoreau-excursions,walter-scott-the-monestary,0.0203836836235,False
samuel-taylor-coleridge-aids-to-reflection,fyodor-dostoyevsky-the-gambler,0.020548949161,False
ralph-waldo-emerson-representative-men,walter-scott-waverly-1,0.0205664325213,False
leo-tolstoy-master-and-men,ralph-waldo-emerson-english-traits,0.0205967984331,False
walter-scott-ivanhoe,henry-david-thoreau-on-duty-civil,0.0206204170364,False
henry-david-thoreau-on-duty-civil,walter-scott-the-monestary,0.0207471322687,False
walter-scott-waverly-2,margaret-fuller-at-home-and-abroad,0.0207768690195,False
samuel-taylor-coleridge-biographia-literaria,walter-scott-the-tailsmen,0.0207774990134,False
walter-scott-ivanhoe,henry-david-thoreau-walking,0.0209555070678,False
fyodor-dostoyevsky-poor-folk,mary-shelley-mathilda,0.0209571195575,False
mary-shelley-prosepine-midas,fyodor-dostoyevsky-poor-folk,0.0209888522894,False
henry-david-thoreau-walking,walter-scott-the-monestary,0.0210822223002,False
margaret-fuller-woman-in-the-nineteenth-century,walter-scott-waverly-2,0.0211852749343,False
margaret-fuller-life-without-and-life-within,walter-scott-waverly-2,0.0212951368001,False
ralph-waldo-emerson-representative-men,walter-scott-waverly-2,0.021458607233,False
walter-scott-waverly-2,margaret-fuller-memoirs-of-margaret-fuller-ossoli-vol-1,0.0215556928701,False
walter-scott-waverly-1,margaret-fuller-at-home-and-abroad,0.0216690437312,False
mary-shelley-frankenstein,walter-scott-waverly-2,0.0217934327794,False
margaret-fuller-summer-on-the-lakes,walter-scott-waverly-2,0.0217988287528,False
fyodor-dostoyevsky-the-house-of-the-dead,ralph-waldo-emerson-second-series,0.0218336182972,False
walter-scott-the-tailsmen,margaret-fuller-at-home-and-abroad,0.022063339734,False
margaret-fuller-woman-in-the-nineteenth-century,walter-scott-waverly-1,0.022077449646,False
margaret-fuller-life-without-and-life-within,walter-scott-waverly-1,0.0221873115118,False
fyodor-dostoyevsky-uncles-dream,ralph-waldo-emerson-second-series,0.0222517541623,False
walter-scott-waverly-1,margaret-fuller-memoirs-of-margaret-fuller-ossoli-vol-1,0.0224478675818,False
margaret-fuller-woman-in-the-nineteenth-century,walter-scott-the-tailsmen,0.0224717456487,False
samuel-taylor-coleridge-aids-to-reflection,fyodor-dostoyevsky-poor-folk,0.0225662951066,False
margaret-fuller-life-without-and-life-within,walter-scott-the-tailsmen,0.0225816075146,False
mary-shelley-frankenstein,walter-scott-waverly-1,0.0226856074911,False
margaret-fuller-summer-on-the-lakes,walter-scott-waverly-1,0.0226910034646,False
walter-scott-the-tailsmen,margaret-fuller-memoirs-of-margaret-fuller-ossoli-vol-1,0.0228421635845,False
fyodor-dostoyevsky-white-nights,ralph-waldo-emerson-second-series,0.0228444950298,False
mary-shelley-last-man,walter-scott-waverly-2,0.0228737983068,False
walter-scott-waverly-2,mary-shelley-tales-stories,0.0230191473806,False
mary-shelley-frankenstein,walter-scott-the-tailsmen,0.0230799034938,False
margaret-fuller-summer-on-the-lakes,walter-scott-the-tailsmen,0.0230852994673,False
mary-shelley-mathilda,walter-scott-waverly-2,0.023670725014,False
mary-shelley-prosepine-midas,walter-scott-waverly-2,0.0237024577459,False
mary-shelley-last-man,walter-scott-waverly-1,0.0237659730185,False
walter-scott-waverly-1,mary-shelley-tales-stories,0.0239113220923,False
gustave-flaubert-madame-bovary,ralph-waldo-emerson-second-series,0.0241112772289,False
walter-scott-the-tailsmen,mary-shelley-last-man,0.0241602690212,False
fyodor-dostoyevsky-poor-folk,ralph-waldo-emerson-representative-men,0.0241722126896,False
walter-scott-the-tailsmen,mary-shelley-tales-stories,0.0243056180951,False
walter-scott-ivanhoe,samuel-taylor-coleridge-biographia-literaria,0.0244824126671,False
mary-shelley-mathilda,walter-scott-waverly-1,0.0245628997258,False
mary-shelley-prosepine-midas,walter-scott-waverly-1,0.0245946324577,False
samuel-taylor-coleridge-biographia-literaria,walter-scott-the-monestary,0.0246091278994,False
leo-tolstoy-anna-karenina,ralph-waldo-emerson-english-traits,0.0246318152948,False
walter-scott-the-tailsmen,mary-shelley-mathilda,0.0249571957285,False
mary-shelley-prosepine-midas,walter-scott-the-tailsmen,0.0249889284604,False
ralph-waldo-emerson-nature,walter-scott-the-monestary,0.0250083999757,False
gustave-flaubert-salammbo,ralph-waldo-emerson-second-series,0.0251072021926,False
walter-scott-ivanhoe,ralph-waldo-emerson-nature,0.025135115208,False
samuel-taylor-coleridge-aids-to-reflection,walter-scott-waverly-2,0.0252799005632,False
walter-scott-ivanhoe,margaret-fuller-at-home-and-abroad,0.0257682533876,False
margaret-fuller-at-home-and-abroad,walter-scott-the-monestary,0.02589496862,False
gustave-flaubert-simple-soul,ralph-waldo-emerson-second-series,0.0259853756101,False
gustave-flaubert-short-works,ralph-waldo-emerson-second-series,0.0260467763467,False
samuel-taylor-coleridge-specimens-of-the-table-talk,ralph-waldo-emerson-second-series,0.0260583321266,False
samuel-taylor-coleridge-aids-to-reflection,walter-scott-waverly-1,0.0261720752749,False
margaret-fuller-woman-in-the-nineteenth-century,walter-scott-ivanhoe,0.0261766593024,False
fyodor-dostoyevsky-the-gambler,ralph-waldo-emerson-representative-men,0.0261895586352,False
walter-scott-ivanhoe,margaret-fuller-life-without-and-life-within,0.0262865211682,False
margaret-fuller-woman-in-the-nineteenth-century,walter-scott-the-monestary,0.0263033745347,False
margaret-fuller-life-without-and-life-within,walter-scott-the-monestary,0.0264132364006,False
walter-scott-ivanhoe,margaret-fuller-memoirs-of-margaret-fuller-ossoli-vol-1,0.0265470772382,False
samuel-taylor-coleridge-aids-to-reflection,walter-scott-the-tailsmen,0.0265663712776,False
margaret-fuller-memoirs-of-margaret-fuller-ossoli-vol-1,walter-scott-the-monestary,0.0266737924705,False
mary-shelley-frankenstein,walter-scott-ivanhoe,0.0267848171475,False
margaret-fuller-summer-on-the-lakes,walter-scott-ivanhoe,0.026790213121,False
ralph-waldo-emerson-representative-men,ralph-waldo-emerson-english-traits,0.0268553252676,True
mary-shelley-frankenstein,walter-scott-the-monestary,0.0269115323798,False
margaret-fuller-summer-on-the-lakes,walter-scott-the-monestary,0.0269169283533,False
henry-david-thoreau-cape-cod,ralph-waldo-emerson-second-series,0.0269555201655,False
ralph-waldo-emerson-first-series,walter-scott-the-monestary,0.0270342883477,False
walter-scott-ivanhoe,ralph-waldo-emerson-first-series,0.02716100358,False
gustave-flaubert-temptation-anthony,ralph-waldo-emerson-second-series,0.0272473267429,False
samuel-taylor-coleridge-shakespere,ralph-waldo-emerson-second-series,0.0273438482169,False
leo-tolstoy-war-and-peace-3,ralph-waldo-emerson-first-series,0.0273749131422,False
ralph-waldo-emerson-second-series,samuel-taylor-coleridge-literary-remains,0.0275839438124,False
henry-david-thoreau-maine-woods,ralph-waldo-emerson-second-series,0.027647381961,False
henry-david-thoreau-excursions,ralph-waldo-emerson-second-series,0.0277072653756,False
walter-scott-ivanhoe,mary-shelley-last-man,0.0278651826749,False
mary-shelley-last-man,walter-scott-the-monestary,0.0279918979072,False
walter-scott-ivanhoe,mary-shelley-tales-stories,0.0280105317487,False
henry-david-thoreau-on-duty-civil,ralph-waldo-emerson-second-series,0.0280707140209,False
walter-scott-the-monestary,mary-shelley-tales-stories,0.0281372469811,False
henry-david-thoreau-walking,ralph-waldo-emerson-second-series,0.0284058040523,False
walter-scott-ivanhoe,mary-shelley-mathilda,0.0286621093822,False
mary-shelley-prosepine-midas,walter-scott-ivanhoe,0.0286938421141,False
mary-shelley-mathilda,walter-scott-the-monestary,0.0287888246145,False
mary-shelley-prosepine-midas,walter-scott-the-monestary,0.0288205573464,False
walter-scott-the-tailsmen,ralph-waldo-emerson-nature,0.0288400288617,False
walter-scott-waverly-1,ralph-waldo-emerson-nature,0.0292343248644,False
leo-tolstoy-war-and-peace-3,ralph-waldo-emerson-nature,0.0294008015142,False
walter-scott-waverly-2,ralph-waldo-emerson-nature,0.0301264995761,False
samuel-taylor-coleridge-aids-to-reflection,walter-scott-ivanhoe,0.0302712849313,False
samuel-taylor-coleridge-aids-to-reflection,walter-scott-the-monestary,0.0303980001636,False
ralph-waldo-emerson-representative-men,fyodor-dostoyevsky-the-house-of-the-dead,0.0308505441775,False
walter-scott-the-tailsmen,ralph-waldo-emerson-first-series,0.0308659172337,False
ralph-waldo-emerson-first-series,walter-scott-waverly-1,0.0312602132364,False
ralph-waldo-emerson-representative-men,fyodor-dostoyevsky-uncles-dream,0.0312686800427,False
fyodor-dostoyevsky-white-nights,ralph-waldo-emerson-representative-men,0.0318614209101,False
samuel-taylor-coleridge-biographia-literaria,ralph-waldo-emerson-second-series,0.0319327096516,False
ralph-waldo-emerson-first-series,walter-scott-waverly-2,0.0321523879482,False
leo-tolstoy-war-and-peace-2,ralph-waldo-emerson-first-series,0.032279583737,False
fyodor-dostoyevsky-poor-folk,ralph-waldo-emerson-nature,0.0328401050327,False
gustave-flaubert-madame-bovary,ralph-waldo-emerson-representative-men,0.0331282031093,False
margaret-fuller-at-home-and-abroad,ralph-waldo-emerson-second-series,0.0332185503721,False
margaret-fuller-woman-in-the-nineteenth-century,ralph-waldo-emerson-second-series,0.0336269562869,False
margaret-fuller-life-without-and-life-within,ralph-waldo-emerson-second-series,0.0337368181527,False
leo-tolstoy-war-and-peace-1,ralph-waldo-emerson-first-series,0.0338210923928,False
margaret-fuller-memoirs-of-margaret-fuller-ossoli-vol-1,ralph-waldo-emerson-second-series,0.0339973742227,False
gustave-flaubert-salammbo,ralph-waldo-emerson-representative-men,0.034124128073,False
mary-shelley-frankenstein,ralph-waldo-emerson-second-series,0.034235114132,False
margaret-fuller-summer-on-the-lakes,ralph-waldo-emerson-second-series,0.0342405101054,False
leo-tolstoy-war-and-peace-2,ralph-waldo-emerson-nature,0.034305472109,False
fyodor-dostoyevsky-the-gambler,ralph-waldo-emerson-nature,0.0348574509783,False
fyodor-dostoyevsky-poor-folk,ralph-waldo-emerson-first-series,0.0348659934047,False
ralph-waldo-emerson-representative-men,gustave-flaubert-simple-soul,0.0350023014904,False
gustave-flaubert-short-works,ralph-waldo-emerson-representative-men,0.035063702227,False
samuel-taylor-coleridge-specimens-of-the-table-talk,ralph-waldo-emerson-representative-men,0.035075258007,False
mary-shelley-last-man,ralph-waldo-emerson-second-series,0.0353154796594,False
ralph-waldo-emerson-second-series,mary-shelley-tales-stories,0.0354608287332,False
leo-tolstoy-war-and-peace-1,ralph-waldo-emerson-nature,0.0358469807649,False
ralph-waldo-emerson-english-traits,ralph-waldo-emerson-second-series,0.0358722511479,True
henry-david-thoreau-cape-cod,ralph-waldo-emerson-representative-men,0.0359724460459,False
mary-shelley-mathilda,ralph-waldo-emerson-second-series,0.0361124063667,False
mary-shelley-prosepine-midas,ralph-waldo-emerson-second-series,0.0361441390986,False
ralph-waldo-emerson-representative-men,gustave-flaubert-temptation-anthony,0.0362642526233,False
samuel-taylor-coleridge-shakespere,ralph-waldo-emerson-representative-men,0.0363607740973,False
ralph-waldo-emerson-representative-men,samuel-taylor-coleridge-literary-remains,0.0366008696928,False
henry-david-thoreau-maine-woods,ralph-waldo-emerson-representative-men,0.0366643078414,False
ralph-waldo-emerson-representative-men,henry-david-thoreau-excursions,0.036724191256,False
leo-tolstoy-master-and-men,ralph-waldo-emerson-first-series,0.0367583429855,False
fyodor-dostoyevsky-the-gambler,ralph-waldo-emerson-first-series,0.0368833393504,False
ralph-waldo-emerson-representative-men,henry-david-thoreau-on-duty-civil,0.0370876399013,False
ralph-waldo-emerson-representative-men,henry-david-thoreau-walking,0.0374227299327,False
samuel-taylor-coleridge-aids-to-reflection,ralph-waldo-emerson-second-series,0.0377215819158,False
leo-tolstoy-war-and-peace-3,ralph-waldo-emerson-representative-men,0.0380686938573,False
leo-tolstoy-master-and-men,ralph-waldo-emerson-nature,0.0387842313575,False
fyodor-dostoyevsky-the-house-of-the-dead,ralph-waldo-emerson-nature,0.0395184365206,False
ralph-waldo-emerson-nature,fyodor-dostoyevsky-uncles-dream,0.0399365723858,False
fyodor-dostoyevsky-white-nights,ralph-waldo-emerson-nature,0.0405293132533,False
leo-tolstoy-anna-karenina,ralph-waldo-emerson-first-series,0.0407933598472,False
samuel-taylor-coleridge-biographia-literaria,ralph-waldo-emerson-representative-men,0.0409496355319,False
ralph-waldo-emerson-first-series,fyodor-dostoyevsky-the-house-of-the-dead,0.0415443248927,False
gustave-flaubert-madame-bovary,ralph-waldo-emerson-nature,0.0417960954524,False
ralph-waldo-emerson-first-series,fyodor-dostoyevsky-uncles-dream,0.0419624607579,False
ralph-waldo-emerson-representative-men,margaret-fuller-at-home-and-abroad,0.0422354762525,False
fyodor-dostoyevsky-white-nights,ralph-waldo-emerson-first-series,0.0425552016253,False
margaret-fuller-woman-in-the-nineteenth-century,ralph-waldo-emerson-representative-men,0.0426438821673,False
margaret-fuller-life-without-and-life-within,ralph-waldo-emerson-representative-men,0.0427537440331,False
gustave-flaubert-salammbo,ralph-waldo-emerson-nature,0.0427920204161,False
leo-tolstoy-anna-karenina,ralph-waldo-emerson-nature,0.0428192482192,False
leo-tolstoy-war-and-peace-2,ralph-waldo-emerson-representative-men,0.0429733644522,False
ralph-waldo-emerson-representative-men,margaret-fuller-memoirs-of-margaret-fuller-ossoli-vol-1,0.0430143001031,False
ralph-waldo-emerson-english-traits,walter-scott-the-monestary,0.0431958329001,False
mary-shelley-frankenstein,ralph-waldo-emerson-representative-men,0.0432520400124,False
margaret-fuller-summer-on-the-lakes,ralph-waldo-emerson-representative-men,0.0432574359858,False
walter-scott-ivanhoe,ralph-waldo-emerson-english-traits,0.0433225481324,False
gustave-flaubert-simple-soul,ralph-waldo-emerson-nature,0.0436701938336,False
gustave-flaubert-short-works,ralph-waldo-emerson-nature,0.0437315945702,False
samuel-taylor-coleridge-specimens-of-the-table-talk,ralph-waldo-emerson-nature,0.0437431503501,False
gustave-flaubert-madame-bovary,ralph-waldo-emerson-first-series,0.0438219838244,False
ralph-waldo-emerson-representative-men,mary-shelley-last-man,0.0443324055398,False
ralph-waldo-emerson-representative-men,mary-shelley-tales-stories,0.0444777546136,False
leo-tolstoy-war-and-peace-1,ralph-waldo-emerson-representative-men,0.044514873108,False
henry-david-thoreau-cape-cod,ralph-waldo-emerson-nature,0.044640338389,False
gustave-flaubert-salammbo,ralph-waldo-emerson-first-series,0.0448179087881,False
ralph-waldo-emerson-nature,gustave-flaubert-temptation-anthony,0.0449321449664,False
samuel-taylor-coleridge-shakespere,ralph-waldo-emerson-nature,0.0450286664404,False
mary-shelley-mathilda,ralph-waldo-emerson-representative-men,0.045129332247,False
mary-shelley-prosepine-midas,ralph-waldo-emerson-representative-men,0.0451610649789,False
ralph-waldo-emerson-nature,samuel-taylor-coleridge-literary-remains,0.0452687620359,False
henry-david-thoreau-maine-woods,ralph-waldo-emerson-nature,0.0453322001845,False
henry-david-thoreau-excursions,ralph-waldo-emerson-nature,0.0453920835991,False
ralph-waldo-emerson-first-series,gustave-flaubert-simple-soul,0.0456960822056,False
henry-david-thoreau-on-duty-civil,ralph-waldo-emerson-nature,0.0457555322444,False
gustave-flaubert-short-works,ralph-waldo-emerson-first-series,0.0457574829422,False
samuel-taylor-coleridge-specimens-of-the-table-talk,ralph-waldo-emerson-first-series,0.0457690387222,False
henry-david-thoreau-walking,ralph-waldo-emerson-nature,0.0460906222758,False
henry-david-thoreau-cape-cod,ralph-waldo-emerson-first-series,0.0466662267611,False
samuel-taylor-coleridge-aids-to-reflection,ralph-waldo-emerson-representative-men,0.0467385077962,False
ralph-waldo-emerson-first-series,gustave-flaubert-temptation-anthony,0.0469580333384,False
walter-scott-the-tailsmen,ralph-waldo-emerson-english-traits,0.0470274617861,False
samuel-taylor-coleridge-shakespere,ralph-waldo-emerson-first-series,0.0470545548125,False
leo-tolstoy-war-and-peace-3,ralph-waldo-emerson-second-series,0.0470856197377,False
ralph-waldo-emerson-first-series,samuel-taylor-coleridge-literary-remains,0.047294650408,False
henry-david-thoreau-maine-woods,ralph-waldo-emerson-first-series,0.0473580885565,False
ralph-waldo-emerson-first-series,henry-david-thoreau-excursions,0.0474179719712,False
walter-scott-waverly-1,ralph-waldo-emerson-english-traits,0.0474217577888,False
leo-tolstoy-master-and-men,ralph-waldo-emerson-representative-men,0.0474521237007,False
ralph-waldo-emerson-first-series,henry-david-thoreau-on-duty-civil,0.0477814206165,False
ralph-waldo-emerson-first-series,henry-david-thoreau-walking,0.0481165106479,False
walter-scott-waverly-2,ralph-waldo-emerson-english-traits,0.0483139325006,False
samuel-taylor-coleridge-biographia-literaria,ralph-waldo-emerson-nature,0.049617527875,False
margaret-fuller-at-home-and-abroad,ralph-waldo-emerson-nature,0.0509033685956,False
fyodor-dostoyevsky-poor-folk,ralph-waldo-emerson-english-traits,0.0510275379571,False
margaret-fuller-woman-in-the-nineteenth-century,ralph-waldo-emerson-nature,0.0513117745104,False
margaret-fuller-life-without-and-life-within,ralph-waldo-emerson-nature,0.0514216363762,False
leo-tolstoy-anna-karenina,ralph-waldo-emerson-representative-men,0.0514871405624,False
samuel-taylor-coleridge-biographia-literaria,ralph-waldo-emerson-first-series,0.0516434162471,False
ralph-waldo-emerson-nature,margaret-fuller-memoirs-of-margaret-fuller-ossoli-vol-1,0.0516821924462,False
mary-shelley-frankenstein,ralph-waldo-emerson-nature,0.0519199323555,False
margaret-fuller-summer-on-the-lakes,ralph-waldo-emerson-nature,0.0519253283289,False
leo-tolstoy-war-and-peace-2,ralph-waldo-emerson-second-series,0.0519902903325,False
ralph-waldo-emerson-first-series,margaret-fuller-at-home-and-abroad,0.0529292569677,False
mary-shelley-last-man,ralph-waldo-emerson-nature,0.0530002978829,False
fyodor-dostoyevsky-the-gambler,ralph-waldo-emerson-english-traits,0.0530448839028,False
ralph-waldo-emerson-nature,mary-shelley-tales-stories,0.0531456469567,False
margaret-fuller-woman-in-the-nineteenth-century,ralph-waldo-emerson-first-series,0.0533376628825,False
margaret-fuller-life-without-and-life-within,ralph-waldo-emerson-first-series,0.0534475247483,False
leo-tolstoy-war-and-peace-1,ralph-waldo-emerson-second-series,0.0535317989884,False
ralph-waldo-emerson-first-series,margaret-fuller-memoirs-of-margaret-fuller-ossoli-vol-1,0.0537080808182,False
mary-shelley-mathilda,ralph-waldo-emerson-nature,0.0537972245902,False
mary-shelley-prosepine-midas,ralph-waldo-emerson-nature,0.0538289573221,False
mary-shelley-frankenstein,ralph-waldo-emerson-first-series,0.0539458207276,False
margaret-fuller-summer-on-the-lakes,ralph-waldo-emerson-first-series,0.053951216701,False
leo-tolstoy-war-and-peace-3,walter-scott-the-monestary,0.0544092014899,False
walter-scott-ivanhoe,leo-tolstoy-war-and-peace-3,0.0545359167222,False
ralph-waldo-emerson-first-series,mary-shelley-last-man,0.0550261862549,False
ralph-waldo-emerson-first-series,mary-shelley-tales-stories,0.0551715353288,False
samuel-taylor-coleridge-aids-to-reflection,ralph-waldo-emerson-nature,0.0554064001393,False
mary-shelley-mathilda,ralph-waldo-emerson-first-series,0.0558231129622,False
mary-shelley-prosepine-midas,ralph-waldo-emerson-first-series,0.0558548456941,False
leo-tolstoy-master-and-men,ralph-waldo-emerson-second-series,0.056469049581,False
samuel-taylor-coleridge-aids-to-reflection,ralph-waldo-emerson-first-series,0.0574322885114,False
fyodor-dostoyevsky-the-house-of-the-dead,ralph-waldo-emerson-english-traits,0.0577058694451,False
ralph-waldo-emerson-english-traits,fyodor-dostoyevsky-uncles-dream,0.0581240053103,False
leo-tolstoy-war-and-peace-3,walter-scott-the-tailsmen,0.0582408303759,False
leo-tolstoy-war-and-peace-3,walter-scott-waverly-1,0.0586351263786,False
fyodor-dostoyevsky-white-nights,ralph-waldo-emerson-english-traits,0.0587167461777,False
leo-tolstoy-war-and-peace-2,walter-scott-the-monestary,0.0593138720847,False
walter-scott-ivanhoe,leo-tolstoy-war-and-peace-2,0.059440587317,False
leo-tolstoy-war-and-peace-3,walter-scott-waverly-2,0.0595273010903,False
gustave-flaubert-madame-bovary,ralph-waldo-emerson-english-traits,0.0599835283769,False
leo-tolstoy-anna-karenina,ralph-waldo-emerson-second-series,0.0605040664427,False
leo-tolstoy-war-and-peace-1,walter-scott-the-monestary,0.0608553807405,False
gustave-flaubert-salammbo,ralph-waldo-emerson-english-traits,0.0609794533406,False
walter-scott-ivanhoe,leo-tolstoy-war-and-peace-1,0.0609820959729,False
gustave-flaubert-simple-soul,ralph-waldo-emerson-english-traits,0.061857626758,False
gustave-flaubert-short-works,ralph-waldo-emerson-english-traits,0.0619190274946,False
samuel-taylor-coleridge-specimens-of-the-table-talk,ralph-waldo-emerson-english-traits,0.0619305832746,False
fyodor-dostoyevsky-poor-folk,leo-tolstoy-war-and-peace-3,0.0622409065469,False
henry-david-thoreau-cape-cod,ralph-waldo-emerson-english-traits,0.0628277713135,False
ralph-waldo-emerson-english-traits,gustave-flaubert-temptation-anthony,0.0631195778908,False
leo-tolstoy-war-and-peace-2,walter-scott-the-tailsmen,0.0631455009707,False
samuel-taylor-coleridge-shakespere,ralph-waldo-emerson-english-traits,0.0632160993649,False
ralph-waldo-emerson-english-traits,samuel-taylor-coleridge-literary-remains,0.0634561949604,False
henry-david-thoreau-maine-woods,ralph-waldo-emerson-english-traits,0.0635196331089,False
leo-tolstoy-war-and-peace-2,walter-scott-waverly-1,0.0635397969734,False
henry-david-thoreau-excursions,ralph-waldo-emerson-english-traits,0.0635795165236,False
leo-tolstoy-master-and-men,walter-scott-the-monestary,0.0637926313332,False
walter-scott-ivanhoe,leo-tolstoy-master-and-men,0.0639193465655,False
henry-david-thoreau-on-duty-civil,ralph-waldo-emerson-english-traits,0.0639429651689,False
leo-tolstoy-war-and-peace-3,fyodor-dostoyevsky-the-gambler,0.0642582524925,False
ralph-waldo-emerson-english-traits,henry-david-thoreau-walking,0.0642780552003,False
leo-tolstoy-war-and-peace-2,walter-scott-waverly-2,0.0644319716852,False
leo-tolstoy-war-and-peace-1,walter-scott-the-tailsmen,0.0646870096265,False
leo-tolstoy-war-and-peace-1,walter-scott-waverly-1,0.0650813056293,False
leo-tolstoy-war-and-peace-1,walter-scott-waverly-2,0.065973480341,False
fyodor-dostoyevsky-poor-folk,leo-tolstoy-war-and-peace-2,0.0671455771417,False
leo-tolstoy-master-and-men,walter-scott-the-tailsmen,0.0676242602192,False
samuel-taylor-coleridge-biographia-literaria,ralph-waldo-emerson-english-traits,0.0678049607995,False
leo-tolstoy-anna-karenina,walter-scott-the-monestary,0.0678276481949,False
walter-scott-ivanhoe,leo-tolstoy-anna-karenina,0.0679543634272,False
leo-tolstoy-master-and-men,walter-scott-waverly-1,0.0680185562219,False
fyodor-dostoyevsky-poor-folk,leo-tolstoy-war-and-peace-1,0.0686870857975,False
leo-tolstoy-master-and-men,walter-scott-waverly-2,0.0689107309337,False
leo-tolstoy-war-and-peace-3,fyodor-dostoyevsky-the-house-of-the-dead,0.0689192380349,False
margaret-fuller-at-home-and-abroad,ralph-waldo-emerson-english-traits,0.0690908015201,False
leo-tolstoy-war-and-peace-2,fyodor-dostoyevsky-the-gambler,0.0691629230874,False
leo-tolstoy-war-and-peace-3,fyodor-dostoyevsky-uncles-dream,0.0693373739001,False
margaret-fuller-woman-in-the-nineteenth-century,ralph-waldo-emerson-english-traits,0.0694992074349,False
margaret-fuller-life-without-and-life-within,ralph-waldo-emerson-english-traits,0.0696090693007,False
ralph-waldo-emerson-english-traits,margaret-fuller-memoirs-of-margaret-fuller-ossoli-vol-1,0.0698696253706,False
fyodor-dostoyevsky-white-nights,leo-tolstoy-war-and-peace-3,0.0699301147675,False
mary-shelley-frankenstein,ralph-waldo-emerson-english-traits,0.07010736528,False
margaret-fuller-summer-on-the-lakes,ralph-waldo-emerson-english-traits,0.0701127612534,False
leo-tolstoy-war-and-peace-1,fyodor-dostoyevsky-the-gambler,0.0707044317432,False
mary-shelley-last-man,ralph-waldo-emerson-english-traits,0.0711877308073,False
gustave-flaubert-madame-bovary,leo-tolstoy-war-and-peace-3,0.0711968969666,False
ralph-waldo-emerson-english-traits,mary-shelley-tales-stories,0.0713330798812,False
fyodor-dostoyevsky-poor-folk,leo-tolstoy-master-and-men,0.0716243363902,False
leo-tolstoy-anna-karenina,walter-scott-the-tailsmen,0.0716592770809,False
mary-shelley-mathilda,ralph-waldo-emerson-english-traits,0.0719846575146,False
mary-shelley-prosepine-midas,ralph-waldo-emerson-english-traits,0.0720163902465,False
leo-tolstoy-anna-karenina,walter-scott-waverly-1,0.0720535730836,False
gustave-flaubert-salammbo,leo-tolstoy-war-and-peace-3,0.0721928219303,False
leo-tolstoy-anna-karenina,walter-scott-waverly-2,0.0729457477954,False
leo-tolstoy-war-and-peace-3,gustave-flaubert-simple-soul,0.0730709953478,False
gustave-flaubert-short-works,leo-tolstoy-war-and-peace-3,0.0731323960844,False
samuel-taylor-coleridge-specimens-of-the-table-talk,leo-tolstoy-war-and-peace-3,0.0731439518643,False
samuel-taylor-coleridge-aids-to-reflection,ralph-waldo-emerson-english-traits,0.0735938330638,False
leo-tolstoy-master-and-men,fyodor-dostoyevsky-the-gambler,0.0736416823359,False
leo-tolstoy-war-and-peace-2,fyodor-dostoyevsky-the-house-of-the-dead,0.0738239086297,False
henry-david-thoreau-cape-cod,leo-tolstoy-war-and-peace-3,0.0740411399032,False
leo-tolstoy-war-and-peace-2,fyodor-dostoyevsky-uncles-dream,0.0742420444949,False
leo-tolstoy-war-and-peace-3,gustave-flaubert-temptation-anthony,0.0743329464806,False
samuel-taylor-coleridge-shakespere,leo-tolstoy-war-and-peace-3,0.0744294679547,False
leo-tolstoy-war-and-peace-3,samuel-taylor-coleridge-literary-remains,0.0746695635501,False
leo-tolstoy-war-and-peace-3,henry-david-thoreau-maine-woods,0.0747330016987,False
leo-tolstoy-war-and-peace-3,henry-david-thoreau-excursions,0.0747928851133,False
fyodor-dostoyevsky-white-nights,leo-tolstoy-war-and-peace-2,0.0748347853623,False
leo-tolstoy-war-and-peace-3,henry-david-thoreau-on-duty-civil,0.0751563337586,False
leo-tolstoy-war-and-peace-1,fyodor-dostoyevsky-the-house-of-the-dead,0.0753654172855,False
leo-tolstoy-war-and-peace-3,henry-david-thoreau-walking,0.07549142379,False
fyodor-dostoyevsky-poor-folk,leo-tolstoy-anna-karenina,0.0756593532519,False
leo-tolstoy-war-and-peace-1,fyodor-dostoyevsky-uncles-dream,0.0757835531507,False
gustave-flaubert-madame-bovary,leo-tolstoy-war-and-peace-2,0.0761015675615,False
fyodor-dostoyevsky-white-nights,leo-tolstoy-war-and-peace-1,0.0763762940181,False
gustave-flaubert-salammbo,leo-tolstoy-war-and-peace-2,0.0770974925251,False
gustave-flaubert-madame-bovary,leo-tolstoy-war-and-peace-1,0.0776430762173,False
fyodor-dostoyevsky-the-gambler,leo-tolstoy-anna-karenina,0.0776766991976,False
leo-tolstoy-war-and-peace-2,gustave-flaubert-simple-soul,0.0779756659426,False
gustave-flaubert-short-works,leo-tolstoy-war-and-peace-2,0.0780370666792,False
samuel-taylor-coleridge-specimens-of-the-table-talk,leo-tolstoy-war-and-peace-2,0.0780486224592,False
leo-tolstoy-master-and-men,fyodor-dostoyevsky-the-house-of-the-dead,0.0783026678782,False
gustave-flaubert-salammbo,leo-tolstoy-war-and-peace-1,0.078639001181,False
leo-tolstoy-master-and-men,fyodor-dostoyevsky-uncles-dream,0.0787208037434,False
henry-david-thoreau-cape-cod,leo-tolstoy-war-and-peace-2,0.0789458104981,False
leo-tolstoy-war-and-peace-3,samuel-taylor-coleridge-biographia-literaria,0.0790183293893,False
leo-tolstoy-war-and-peace-2,gustave-flaubert-temptation-anthony,0.0792376170754,False
fyodor-dostoyevsky-white-nights,leo-tolstoy-master-and-men,0.0793135446108,False
samuel-taylor-coleridge-shakespere,leo-tolstoy-war-and-peace-2,0.0793341385495,False
leo-tolstoy-war-and-peace-1,gustave-flaubert-simple-soul,0.0795171745984,False
leo-tolstoy-war-and-peace-2,samuel-taylor-coleridge-literary-remains,0.079574234145,False
gustave-flaubert-short-works,leo-tolstoy-war-and-peace-1,0.079578575335,False
samuel-taylor-coleridge-specimens-of-the-table-talk,leo-tolstoy-war-and-peace-1,0.079590131115,False
leo-tolstoy-war-and-peace-2,henry-david-thoreau-maine-woods,0.0796376722935,False
leo-tolstoy-war-and-peace-2,henry-david-thoreau-excursions,0.0796975557082,False
leo-tolstoy-war-and-peace-2,henry-david-thoreau-on-duty-civil,0.0800610043535,False
leo-tolstoy-war-and-peace-3,margaret-fuller-at-home-and-abroad,0.0803041701098,False
leo-tolstoy-war-and-peace-2,henry-david-thoreau-walking,0.0803960943849,False
henry-david-thoreau-cape-cod,leo-tolstoy-war-and-peace-1,0.0804873191539,False
gustave-flaubert-madame-bovary,leo-tolstoy-master-and-men,0.0805803268099,False
margaret-fuller-woman-in-the-nineteenth-century,leo-tolstoy-war-and-peace-3,0.0807125760246,False
leo-tolstoy-war-and-peace-1,gustave-flaubert-temptation-anthony,0.0807791257313,False
leo-tolstoy-war-and-peace-3,margaret-fuller-life-without-and-life-within,0.0808224378904,False
samuel-taylor-coleridge-shakespere,leo-tolstoy-war-and-peace-1,0.0808756472053,False
leo-tolstoy-war-and-peace-3,margaret-fuller-memoirs-of-margaret-fuller-ossoli-vol-1,0.0810829939604,False
leo-tolstoy-war-and-peace-1,samuel-taylor-coleridge-literary-remains,0.0811157428008,False
leo-tolstoy-war-and-peace-1,henry-david-thoreau-maine-woods,0.0811791809494,False
leo-tolstoy-war-and-peace-1,henry-david-thoreau-excursions,0.081239064364,False
mary-shelley-frankenstein,leo-tolstoy-war-and-peace-3,0.0813207338697,False
margaret-fuller-summer-on-the-lakes,leo-tolstoy-war-and-peace-3,0.0813261298432,False
gustave-flaubert-salammbo,leo-tolstoy-master-and-men,0.0815762517736,False
leo-tolstoy-war-and-peace-1,henry-david-thoreau-on-duty-civil,0.0816025130093,False
leo-tolstoy-war-and-peace-1,henry-david-thoreau-walking,0.0819376030407,False
leo-tolstoy-anna-karenina,fyodor-dostoyevsky-the-house-of-the-dead,0.0823376847399,False
leo-tolstoy-war-and-peace-3,mary-shelley-last-man,0.0824010993971,False
leo-tolstoy-master-and-men,gustave-flaubert-simple-soul,0.0824544251911,False
gustave-flaubert-short-works,leo-tolstoy-master-and-men,0.0825158259277,False
samuel-taylor-coleridge-specimens-of-the-table-talk,leo-tolstoy-master-and-men,0.0825273817077,False
leo-tolstoy-war-and-peace-3,mary-shelley-tales-stories,0.0825464484709,False
leo-tolstoy-anna-karenina,fyodor-dostoyevsky-uncles-dream,0.0827558206051,False
leo-tolstoy-war-and-peace-3,mary-shelley-mathilda,0.0831980261044,False
mary-shelley-prosepine-midas,leo-tolstoy-war-and-peace-3,0.0832297588363,False
fyodor-dostoyevsky-white-nights,leo-tolstoy-anna-karenina,0.0833485614725,False
henry-david-thoreau-cape-cod,leo-tolstoy-master-and-men,0.0834245697466,False
leo-tolstoy-master-and-men,gustave-flaubert-temptation-anthony,0.0837163763239,False
samuel-taylor-coleridge-shakespere,leo-tolstoy-master-and-men,0.083812897798,False
leo-tolstoy-war-and-peace-2,samuel-taylor-coleridge-biographia-literaria,0.0839229999841,False
leo-tolstoy-master-and-men,samuel-taylor-coleridge-literary-remains,0.0840529933935,False
leo-tolstoy-master-and-men,henry-david-thoreau-maine-woods,0.084116431542,False
leo-tolstoy-master-and-men,henry-david-thoreau-excursions,0.0841763149567,False
leo-tolstoy-master-and-men,henry-david-thoreau-on-duty-civil,0.0845397636019,False
gustave-flaubert-madame-bovary,leo-tolstoy-anna-karenina,0.0846153436716,False
samuel-taylor-coleridge-aids-to-reflection,leo-tolstoy-war-and-peace-3,0.0848072016535,False
leo-tolstoy-master-and-men,henry-david-thoreau-walking,0.0848748536334,False
leo-tolstoy-war-and-peace-2,margaret-fuller-at-home-and-abroad,0.0852088407047,False
leo-tolstoy-war-and-peace-1,samuel-taylor-coleridge-biographia-literaria,0.0854645086399,False
gustave-flaubert-salammbo,leo-tolstoy-anna-karenina,0.0856112686353,False
margaret-fuller-woman-in-the-nineteenth-century,leo-tolstoy-war-and-peace-2,0.0856172466195,False
leo-tolstoy-war-and-peace-2,margaret-fuller-life-without-and-life-within,0.0857271084853,False
leo-tolstoy-war-and-peace-2,margaret-fuller-memoirs-of-margaret-fuller-ossoli-vol-1,0.0859876645552,False
mary-shelley-frankenstein,leo-tolstoy-war-and-peace-2,0.0862254044646,False
margaret-fuller-summer-on-the-lakes,leo-tolstoy-war-and-peace-2,0.086230800438,False
leo-tolstoy-anna-karenina,gustave-flaubert-simple-soul,0.0864894420528,False
gustave-flaubert-short-works,leo-tolstoy-anna-karenina,0.0865508427894,False
samuel-taylor-coleridge-specimens-of-the-table-talk,leo-tolstoy-anna-karenina,0.0865623985694,False
leo-tolstoy-war-and-peace-1,margaret-fuller-at-home-and-abroad,0.0867503493605,False
margaret-fuller-woman-in-the-nineteenth-century,leo-tolstoy-war-and-peace-1,0.0871587552753,False
leo-tolstoy-war-and-peace-1,margaret-fuller-life-without-and-life-within,0.0872686171411,False
leo-tolstoy-war-and-peace-2,mary-shelley-last-man,0.0873057699919,False
leo-tolstoy-war-and-peace-2,mary-shelley-tales-stories,0.0874511190658,False
henry-david-thoreau-cape-cod,leo-tolstoy-anna-karenina,0.0874595866083,False
leo-tolstoy-war-and-peace-1,margaret-fuller-memoirs-of-margaret-fuller-ossoli-vol-1,0.0875291732111,False
leo-tolstoy-anna-karenina,gustave-flaubert-temptation-anthony,0.0877513931856,False
mary-shelley-frankenstein,leo-tolstoy-war-and-peace-1,0.0877669131204,False
margaret-fuller-summer-on-the-lakes,leo-tolstoy-war-and-peace-1,0.0877723090938,False
samuel-taylor-coleridge-shakespere,leo-tolstoy-anna-karenina,0.0878479146597,False
leo-tolstoy-anna-karenina,samuel-taylor-coleridge-literary-remains,0.0880880102552,False
leo-tolstoy-war-and-peace-2,mary-shelley-mathilda,0.0881026966992,False
mary-shelley-prosepine-midas,leo-tolstoy-war-and-peace-2,0.0881344294311,False
henry-david-thoreau-maine-woods,leo-tolstoy-anna-karenina,0.0881514484037,False
leo-tolstoy-anna-karenina,henry-david-thoreau-excursions,0.0882113318184,False
leo-tolstoy-master-and-men,samuel-taylor-coleridge-biographia-literaria,0.0884017592326,False
leo-tolstoy-anna-karenina,henry-david-thoreau-on-duty-civil,0.0885747804637,False
leo-tolstoy-war-and-peace-1,mary-shelley-last-man,0.0888472786477,False
leo-tolstoy-anna-karenina,henry-david-thoreau-walking,0.0889098704951,False
leo-tolstoy-war-and-peace-1,mary-shelley-tales-stories,0.0889926277216,False
leo-tolstoy-war-and-peace-1,mary-shelley-mathilda,0.089644205355,False
mary-shelley-prosepine-midas,leo-tolstoy-war-and-peace-1,0.0896759380869,False
leo-tolstoy-master-and-men,margaret-fuller-at-home-and-abroad,0.0896875999532,False
samuel-taylor-coleridge-aids-to-reflection,leo-tolstoy-war-and-peace-2,0.0897118722484,False
margaret-fuller-woman-in-the-nineteenth-century,leo-tolstoy-master-and-men,0.090096005868,False
leo-tolstoy-master-and-men,margaret-fuller-life-without-and-life-within,0.0902058677338,False
leo-tolstoy-master-and-men,margaret-fuller-memoirs-of-margaret-fuller-ossoli-vol-1,0.0904664238037,False
mary-shelley-frankenstein,leo-tolstoy-master-and-men,0.0907041637131,False
margaret-fuller-summer-on-the-lakes,leo-tolstoy-master-and-men,0.0907095596865,False
samuel-taylor-coleridge-aids-to-reflection,leo-tolstoy-war-and-peace-1,0.0912533809042,False
leo-tolstoy-master-and-men,mary-shelley-last-man,0.0917845292404,False
leo-tolstoy-master-and-men,mary-shelley-tales-stories,0.0919298783143,False
samuel-taylor-coleridge-biographia-literaria,leo-tolstoy-anna-karenina,0.0924367760943,False
leo-tolstoy-master-and-men,mary-shelley-mathilda,0.0925814559477,False
mary-shelley-prosepine-midas,leo-tolstoy-master-and-men,0.0926131886796,False
leo-tolstoy-anna-karenina,margaret-fuller-at-home-and-abroad,0.0937226168149,False
margaret-fuller-woman-in-the-nineteenth-century,leo-tolstoy-anna-karenina,0.0941310227297,False
samuel-taylor-coleridge-aids-to-reflection,leo-tolstoy-master-and-men,0.0941906314969,False
margaret-fuller-life-without-and-life-within,leo-tolstoy-anna-karenina,0.0942408845955,False
leo-tolstoy-anna-karenina,margaret-fuller-memoirs-of-margaret-fuller-ossoli-vol-1,0.0945014406654,False
mary-shelley-frankenstein,leo-tolstoy-anna-karenina,0.0947391805748,False
margaret-fuller-summer-on-the-lakes,leo-tolstoy-anna-karenina,0.0947445765482,False
leo-tolstoy-anna-karenina,mary-shelley-last-man,0.0958195461021,False
leo-tolstoy-anna-karenina,mary-shelley-tales-stories,0.095964895176,False
leo-tolstoy-anna-karenina,mary-shelley-mathilda,0.0966164728094,False
mary-shelley-prosepine-midas,leo-tolstoy-anna-karenina,0.0966482055413,False
samuel-taylor-coleridge-aids-to-reflection,leo-tolstoy-anna-karenina,0.0982256483586,False
