mary-shelley-prosepine-midas,mary-shelley-mathilda,0.00236434967247,True
gustave-flaubert-simple-soul,gustave-flaubert-short-works,0.0026237357355,True
fyodor-dostoyevsky-uncles-dream,fyodor-dostoyevsky-white-nights,0.00355287518295,True
margaret-fuller-woman-in-the-nineteenth-century,mary-shelley-frankenstein,0.00366094307231,False
mary-shelley-last-man,mary-shelley-mathilda,0.00459243082783,True
mary-shelley-last-man,mary-shelley-prosepine-midas,0.00466633758807,True
walter-scott-waverly-2,fyodor-dostoyevsky-poor-folk,0.00471858577136,False
henry-david-thoreau-maine-woods,henry-david-thoreau-on-duty-civil,0.00504180794768,True
henry-david-thoreau-on-duty-civil,henry-david-thoreau-walking,0.00531568885094,True
gustave-flaubert-simple-soul,gustave-flaubert-salammbo,0.0056482097816,True
gustave-flaubert-short-works,gustave-flaubert-salammbo,0.00576652905425,True
gustave-flaubert-simple-soul,gustave-flaubert-temptation-anthony,0.00592741199202,True
margaret-fuller-summer-on-the-lakes,margaret-fuller-memoirs-of-margaret-fuller-ossoli-vol-1,0.00617788765801,True
fyodor-dostoyevsky-the-house-of-the-dead,fyodor-dostoyevsky-uncles-dream,0.00621481112751,True
gustave-flaubert-temptation-anthony,gustave-flaubert-short-works,0.006494416833,True
gustave-flaubert-madame-bovary,gustave-flaubert-salammbo,0.00664693916791,True
fyodor-dostoyevsky-the-house-of-the-dead,fyodor-dostoyevsky-white-nights,0.00665077463931,True
mary-shelley-tales-stories,mary-shelley-prosepine-midas,0.00670459389486,True
mary-shelley-tales-stories,mary-shelley-mathilda,0.00673331875436,True
henry-david-thoreau-maine-woods,henry-david-thoreau-excursions,0.00702463155256,True
ralph-waldo-emerson-first-series,ralph-waldo-emerson-nature,0.00770416721648,True
mary-shelley-last-man,mary-shelley-tales-stories,0.00802566971592,True
gustave-flaubert-temptation-anthony,gustave-flaubert-salammbo,0.00808933222595,True
henry-david-thoreau-maine-woods,henry-david-thoreau-walking,0.00810263445449,True
fyodor-dostoyevsky-the-house-of-the-dead,fyodor-dostoyevsky-the-gambler,0.00836151905843,True
gustave-flaubert-madame-bovary,gustave-flaubert-short-works,0.0085649196025,True
gustave-flaubert-madame-bovary,gustave-flaubert-simple-soul,0.00869724906046,True
henry-david-thoreau-on-duty-civil,henry-david-thoreau-excursions,0.00912748466377,True
fyodor-dostoyevsky-uncles-dream,fyodor-dostoyevsky-the-gambler,0.00933217858267,True
samuel-taylor-coleridge-literary-remains,samuel-taylor-coleridge-shakespere,0.00983933085988,True
fyodor-dostoyevsky-white-nights,fyodor-dostoyevsky-the-gambler,0.00998585230694,True
gustave-flaubert-madame-bovary,gustave-flaubert-temptation-anthony,0.0101121734361,True
fyodor-dostoyevsky-poor-folk,fyodor-dostoyevsky-the-gambler,0.0105958271707,True
leo-tolstoy-master-and-men,leo-tolstoy-anna-karenina,0.0109180006565,True
fyodor-dostoyevsky-the-house-of-the-dead,fyodor-dostoyevsky-poor-folk,0.0109926275547,True
walter-scott-waverly-2,fyodor-dostoyevsky-the-gambler,0.0110004720109,False
fyodor-dostoyevsky-uncles-dream,gustave-flaubert-madame-bovary,0.0110849305281,False
henry-david-thoreau-walking,henry-david-thoreau-excursions,0.0112142209573,True
fyodor-dostoyevsky-the-gambler,gustave-flaubert-madame-bovary,0.0113877478339,False
henry-david-thoreau-walking,margaret-fuller-at-home-and-abroad,0.0113990477595,False
mary-shelley-last-man,mary-shelley-frankenstein,0.0114026958912,True
fyodor-dostoyevsky-white-nights,gustave-flaubert-madame-bovary,0.0114135317265,False
margaret-fuller-life-without-and-life-within,margaret-fuller-memoirs-of-margaret-fuller-ossoli-vol-1,0.0115155906114,True
fyodor-dostoyevsky-poor-folk,fyodor-dostoyevsky-uncles-dream,0.011523200531,True
fyodor-dostoyevsky-the-house-of-the-dead,gustave-flaubert-madame-bovary,0.01153626986,False
walter-scott-waverly-2,fyodor-dostoyevsky-the-house-of-the-dead,0.0115805565164,False
walter-scott-waverly-2,fyodor-dostoyevsky-uncles-dream,0.0115807760765,False
walter-scott-waverly-2,fyodor-dostoyevsky-white-nights,0.0116028860101,False
henry-david-thoreau-on-duty-civil,margaret-fuller-at-home-and-abroad,0.011621024983,False
fyodor-dostoyevsky-poor-folk,fyodor-dostoyevsky-white-nights,0.011657918467,True
margaret-fuller-woman-in-the-nineteenth-century,mary-shelley-last-man,0.0118440876143,False
mary-shelley-mathilda,mary-shelley-frankenstein,0.0118842458396,True
mary-shelley-prosepine-midas,mary-shelley-frankenstein,0.011925707875,True
henry-david-thoreau-maine-woods,margaret-fuller-at-home-and-abroad,0.0120798894736,False
walter-scott-the-monestary,walter-scott-the-tailsmen,0.0121015102491,True
margaret-fuller-woman-in-the-nineteenth-century,mary-shelley-prosepine-midas,0.0123033416965,False
margaret-fuller-woman-in-the-nineteenth-century,mary-shelley-mathilda,0.0123106689436,False
mary-shelley-tales-stories,mary-shelley-frankenstein,0.0128560240612,True
fyodor-dostoyevsky-uncles-dream,gustave-flaubert-salammbo,0.0128867492642,False
ralph-waldo-emerson-representative-men,ralph-waldo-emerson-second-series,0.0130011007788,True
margaret-fuller-memoirs-of-margaret-fuller-ossoli-vol-1,mary-shelley-frankenstein,0.0130682987506,False
fyodor-dostoyevsky-white-nights,gustave-flaubert-salammbo,0.0131246461679,False
margaret-fuller-woman-in-the-nineteenth-century,margaret-fuller-memoirs-of-margaret-fuller-ossoli-vol-1,0.0132128507078,True
fyodor-dostoyevsky-the-house-of-the-dead,gustave-flaubert-salammbo,0.0132494107072,False
fyodor-dostoyevsky-the-gambler,gustave-flaubert-salammbo,0.013363433158,False
margaret-fuller-woman-in-the-nineteenth-century,mary-shelley-tales-stories,0.0134374949057,False
fyodor-dostoyevsky-uncles-dream,gustave-flaubert-short-works,0.0134377478444,False
fyodor-dostoyevsky-uncles-dream,gustave-flaubert-simple-soul,0.0134690722339,False
margaret-fuller-summer-on-the-lakes,margaret-fuller-life-without-and-life-within,0.0135262390948,True
fyodor-dostoyevsky-white-nights,gustave-flaubert-short-works,0.0136091885074,False
fyodor-dostoyevsky-the-house-of-the-dead,gustave-flaubert-short-works,0.0136507181757,False
fyodor-dostoyevsky-white-nights,gustave-flaubert-simple-soul,0.0136661000055,False
fyodor-dostoyevsky-the-house-of-the-dead,gustave-flaubert-simple-soul,0.0136809708715,False
margaret-fuller-summer-on-the-lakes,mary-shelley-frankenstein,0.0139342970486,False
fyodor-dostoyevsky-poor-folk,gustave-flaubert-madame-bovary,0.0141194227484,False
henry-david-thoreau-cape-cod,henry-david-thoreau-walking,0.0141591696093,True
walter-scott-waverly-2,gustave-flaubert-madame-bovary,0.0141688758489,False
margaret-fuller-summer-on-the-lakes,margaret-fuller-woman-in-the-nineteenth-century,0.0142447439657,True
henry-david-thoreau-excursions,margaret-fuller-at-home-and-abroad,0.0143325768246,False
fyodor-dostoyevsky-the-gambler,gustave-flaubert-simple-soul,0.0143774167631,False
gustave-flaubert-temptation-anthony,henry-david-thoreau-cape-cod,0.0144581203239,False
fyodor-dostoyevsky-the-gambler,gustave-flaubert-short-works,0.014478790889,False
henry-david-thoreau-cape-cod,henry-david-thoreau-excursions,0.0145415522171,True
fyodor-dostoyevsky-uncles-dream,gustave-flaubert-temptation-anthony,0.0147457308891,False
fyodor-dostoyevsky-white-nights,gustave-flaubert-temptation-anthony,0.0150221091966,False
ralph-waldo-emerson-first-series,ralph-waldo-emerson-english-traits,0.0151911466874,True
fyodor-dostoyevsky-the-house-of-the-dead,gustave-flaubert-temptation-anthony,0.0152137827208,False
leo-tolstoy-war-and-peace-2,leo-tolstoy-war-and-peace-3,0.0152494042305,True
henry-david-thoreau-on-duty-civil,henry-david-thoreau-cape-cod,0.0153321527539,True
gustave-flaubert-simple-soul,henry-david-thoreau-cape-cod,0.0153433333934,False
gustave-flaubert-short-works,henry-david-thoreau-cape-cod,0.0154764444582,False
fyodor-dostoyevsky-the-gambler,gustave-flaubert-temptation-anthony,0.0154790937466,False
samuel-taylor-coleridge-literary-remains,samuel-taylor-coleridge-biographia-literaria,0.0155275251759,True
margaret-fuller-at-home-and-abroad,margaret-fuller-memoirs-of-margaret-fuller-ossoli-vol-1,0.0158865989666,True
walter-scott-waverly-2,gustave-flaubert-salammbo,0.0159398753308,False
gustave-flaubert-salammbo,henry-david-thoreau-cape-cod,0.015952643259,False
ralph-waldo-emerson-nature,ralph-waldo-emerson-english-traits,0.0159749568617,True
walter-scott-waverly-1,walter-scott-waverly-2,0.0159872775822,True
fyodor-dostoyevsky-poor-folk,gustave-flaubert-salammbo,0.0160029895948,False
margaret-fuller-summer-on-the-lakes,margaret-fuller-at-home-and-abroad,0.0161531309517,True
walter-scott-waverly-1,fyodor-dostoyevsky-poor-folk,0.0161808094084,False
margaret-fuller-life-without-and-life-within,mary-shelley-frankenstein,0.0162838023072,False
walter-scott-the-tailsmen,walter-scott-waverly-1,0.0163494096519,True
gustave-flaubert-madame-bovary,henry-david-thoreau-cape-cod,0.0165110924304,False
margaret-fuller-life-without-and-life-within,margaret-fuller-woman-in-the-nineteenth-century,0.0166199937644,True
margaret-fuller-at-home-and-abroad,margaret-fuller-life-without-and-life-within,0.0168793710681,True
walter-scott-waverly-2,gustave-flaubert-simple-soul,0.0170356224802,False
henry-david-thoreau-maine-woods,henry-david-thoreau-cape-cod,0.0170728706349,True
walter-scott-waverly-2,gustave-flaubert-short-works,0.0170768415326,False
fyodor-dostoyevsky-poor-folk,gustave-flaubert-simple-soul,0.0170979638798,False
walter-scott-the-tailsmen,fyodor-dostoyevsky-poor-folk,0.0170981478001,False
fyodor-dostoyevsky-poor-folk,gustave-flaubert-short-works,0.0171736700702,False
walter-scott-the-tailsmen,walter-scott-waverly-2,0.0173587969251,True
walter-scott-waverly-2,gustave-flaubert-temptation-anthony,0.017614437921,False
fyodor-dostoyevsky-poor-folk,gustave-flaubert-temptation-anthony,0.0177148942853,False
samuel-taylor-coleridge-shakespere,samuel-taylor-coleridge-specimens-of-the-table-talk,0.0180990827256,True
henry-david-thoreau-cape-cod,margaret-fuller-at-home-and-abroad,0.0185206364221,False
gustave-flaubert-temptation-anthony,henry-david-thoreau-walking,0.0185504774173,False
fyodor-dostoyevsky-white-nights,henry-david-thoreau-cape-cod,0.0185708419343,False
fyodor-dostoyevsky-uncles-dream,margaret-fuller-life-without-and-life-within,0.0186066557523,False
gustave-flaubert-salammbo,henry-david-thoreau-walking,0.0186362310461,False
fyodor-dostoyevsky-the-house-of-the-dead,henry-david-thoreau-cape-cod,0.0186585328058,False
fyodor-dostoyevsky-uncles-dream,henry-david-thoreau-cape-cod,0.0186956413883,False
fyodor-dostoyevsky-white-nights,margaret-fuller-life-without-and-life-within,0.0187167048129,False
mary-shelley-tales-stories,samuel-taylor-coleridge-aids-to-reflection,0.0187319671608,False
walter-scott-waverly-1,fyodor-dostoyevsky-the-house-of-the-dead,0.018815150259,False
gustave-flaubert-madame-bovary,henry-david-thoreau-walking,0.018829195748,False
fyodor-dostoyevsky-the-gambler,henry-david-thoreau-cape-cod,0.0188596159023,False
walter-scott-waverly-1,fyodor-dostoyevsky-white-nights,0.0191807418239,False
walter-scott-waverly-1,fyodor-dostoyevsky-uncles-dream,0.0192144348983,False
walter-scott-the-tailsmen,fyodor-dostoyevsky-the-gambler,0.0192835788598,False
margaret-fuller-memoirs-of-margaret-fuller-ossoli-vol-1,mary-shelley-last-man,0.0193452694989,False
samuel-taylor-coleridge-biographia-literaria,samuel-taylor-coleridge-aids-to-reflection,0.0193582614703,True
gustave-flaubert-salammbo,henry-david-thoreau-on-duty-civil,0.019407546915,False
gustave-flaubert-temptation-anthony,henry-david-thoreau-on-duty-civil,0.0194087762691,False
gustave-flaubert-simple-soul,henry-david-thoreau-walking,0.0194091433384,False
mary-shelley-prosepine-midas,samuel-taylor-coleridge-aids-to-reflection,0.0194254472066,False
mary-shelley-mathilda,samuel-taylor-coleridge-aids-to-reflection,0.0194453447204,False
gustave-flaubert-madame-bovary,henry-david-thoreau-on-duty-civil,0.0194808974425,False
walter-scott-waverly-1,fyodor-dostoyevsky-the-gambler,0.0195622815962,False
gustave-flaubert-short-works,henry-david-thoreau-walking,0.0195681679469,False
gustave-flaubert-temptation-anthony,henry-david-thoreau-excursions,0.0196784899728,False
samuel-taylor-coleridge-shakespere,samuel-taylor-coleridge-biographia-literaria,0.019721692304,True
henry-david-thoreau-walking,margaret-fuller-memoirs-of-margaret-fuller-ossoli-vol-1,0.0197357816944,False
gustave-flaubert-salammbo,henry-david-thoreau-excursions,0.0197461895918,False
henry-david-thoreau-walking,margaret-fuller-summer-on-the-lakes,0.0197650963604,False
gustave-flaubert-madame-bovary,henry-david-thoreau-excursions,0.0197949748169,False
gustave-flaubert-madame-bovary,margaret-fuller-at-home-and-abroad,0.0198665124229,False
fyodor-dostoyevsky-poor-folk,margaret-fuller-life-without-and-life-within,0.019893297115,False
margaret-fuller-memoirs-of-margaret-fuller-ossoli-vol-1,mary-shelley-mathilda,0.0199113434234,False
margaret-fuller-memoirs-of-margaret-fuller-ossoli-vol-1,mary-shelley-prosepine-midas,0.0199723491224,False
henry-david-thoreau-on-duty-civil,margaret-fuller-memoirs-of-margaret-fuller-ossoli-vol-1,0.020034862885,False
margaret-fuller-summer-on-the-lakes,mary-shelley-last-man,0.0200546155491,False
fyodor-dostoyevsky-uncles-dream,margaret-fuller-at-home-and-abroad,0.0200758476708,False
walter-scott-waverly-2,margaret-fuller-life-without-and-life-within,0.0201144979848,False
fyodor-dostoyevsky-white-nights,margaret-fuller-at-home-and-abroad,0.0201341554599,False
henry-david-thoreau-on-duty-civil,margaret-fuller-summer-on-the-lakes,0.0202115747865,False
margaret-fuller-summer-on-the-lakes,mary-shelley-mathilda,0.0202454698397,False
gustave-flaubert-simple-soul,henry-david-thoreau-on-duty-civil,0.020266425515,False
margaret-fuller-summer-on-the-lakes,mary-shelley-prosepine-midas,0.020269807397,False
fyodor-dostoyevsky-the-house-of-the-dead,margaret-fuller-life-without-and-life-within,0.0203032013167,False
henry-david-thoreau-maine-woods,margaret-fuller-summer-on-the-lakes,0.0203330336903,False
gustave-flaubert-short-works,henry-david-thoreau-on-duty-civil,0.0203931839546,False
henry-david-thoreau-maine-woods,margaret-fuller-memoirs-of-margaret-fuller-ossoli-vol-1,0.020407453939,False
henry-david-thoreau-cape-cod,margaret-fuller-life-without-and-life-within,0.0204442410044,False
walter-scott-the-tailsmen,fyodor-dostoyevsky-the-house-of-the-dead,0.0204652346732,False
gustave-flaubert-simple-soul,henry-david-thoreau-excursions,0.0204940286074,False
fyodor-dostoyevsky-uncles-dream,margaret-fuller-memoirs-of-margaret-fuller-ossoli-vol-1,0.0205119506339,False
henry-david-thoreau-walking,margaret-fuller-life-without-and-life-within,0.0205361969661,False
gustave-flaubert-temptation-anthony,margaret-fuller-life-without-and-life-within,0.0205956479872,False
fyodor-dostoyevsky-white-nights,margaret-fuller-memoirs-of-margaret-fuller-ossoli-vol-1,0.0206061782705,False
margaret-fuller-memoirs-of-margaret-fuller-ossoli-vol-1,mary-shelley-tales-stories,0.0206233838612,False
mary-shelley-last-man,samuel-taylor-coleridge-aids-to-reflection,0.0206265590062,False
gustave-flaubert-temptation-anthony,margaret-fuller-at-home-and-abroad,0.0206381469254,False
gustave-flaubert-short-works,henry-david-thoreau-excursions,0.0206395840117,False
fyodor-dostoyevsky-white-nights,henry-david-thoreau-on-duty-civil,0.020696079136,False
fyodor-dostoyevsky-poor-folk,henry-david-thoreau-cape-cod,0.0207047617892,False
henry-david-thoreau-on-duty-civil,margaret-fuller-life-without-and-life-within,0.0207447858816,False
gustave-flaubert-salammbo,margaret-fuller-at-home-and-abroad,0.020762869784,False
margaret-fuller-summer-on-the-lakes,mary-shelley-tales-stories,0.0207648034153,False
fyodor-dostoyevsky-uncles-dream,henry-david-thoreau-on-duty-civil,0.020771196919,False
walter-scott-the-tailsmen,fyodor-dostoyevsky-uncles-dream,0.02080727589,False
walter-scott-waverly-1,gustave-flaubert-madame-bovary,0.0208086221203,False
gustave-flaubert-madame-bovary,margaret-fuller-life-without-and-life-within,0.0208657999342,False
fyodor-dostoyevsky-uncles-dream,henry-david-thoreau-walking,0.0208718672056,False
fyodor-dostoyevsky-the-gambler,margaret-fuller-life-without-and-life-within,0.0208823776937,False
fyodor-dostoyevsky-white-nights,henry-david-thoreau-walking,0.0209105001692,False
fyodor-dostoyevsky-the-gambler,henry-david-thoreau-walking,0.0210390978922,False
gustave-flaubert-madame-bovary,henry-david-thoreau-maine-woods,0.0210931818585,False
gustave-flaubert-temptation-anthony,henry-david-thoreau-maine-woods,0.0210951270379,False
gustave-flaubert-salammbo,henry-david-thoreau-maine-woods,0.0212130361496,False
walter-scott-the-tailsmen,fyodor-dostoyevsky-white-nights,0.0212821034208,False
fyodor-dostoyevsky-the-gambler,margaret-fuller-at-home-and-abroad,0.0212848794634,False
fyodor-dostoyevsky-white-nights,henry-david-thoreau-excursions,0.0212880124347,False
walter-scott-waverly-2,henry-david-thoreau-cape-cod,0.0213039245908,False
margaret-fuller-life-without-and-life-within,mary-shelley-last-man,0.0213914711316,False
fyodor-dostoyevsky-the-house-of-the-dead,margaret-fuller-at-home-and-abroad,0.02139765501,False
gustave-flaubert-simple-soul,margaret-fuller-life-without-and-life-within,0.0214213201991,False
walter-scott-the-tailsmen,gustave-flaubert-madame-bovary,0.0214572618854,False
gustave-flaubert-madame-bovary,margaret-fuller-memoirs-of-margaret-fuller-ossoli-vol-1,0.0214692117996,False
fyodor-dostoyevsky-uncles-dream,margaret-fuller-summer-on-the-lakes,0.0214775573017,False
gustave-flaubert-short-works,margaret-fuller-life-without-and-life-within,0.0215604707986,False
gustave-flaubert-simple-soul,margaret-fuller-at-home-and-abroad,0.021613135439,False
fyodor-dostoyevsky-white-nights,margaret-fuller-summer-on-the-lakes,0.0216657480395,False
walter-scott-the-monestary,walter-scott-waverly-1,0.0216830843466,True
fyodor-dostoyevsky-the-gambler,henry-david-thoreau-on-duty-civil,0.0216939192429,False
gustave-flaubert-short-works,margaret-fuller-at-home-and-abroad,0.0217100367352,False
gustave-flaubert-temptation-anthony,margaret-fuller-memoirs-of-margaret-fuller-ossoli-vol-1,0.0217255510701,False
fyodor-dostoyevsky-uncles-dream,henry-david-thoreau-excursions,0.0217630614873,False
gustave-flaubert-salammbo,margaret-fuller-life-without-and-life-within,0.0217901571306,False
fyodor-dostoyevsky-uncles-dream,mary-shelley-frankenstein,0.0218324301152,False
henry-david-thoreau-maine-woods,margaret-fuller-life-without-and-life-within,0.0218464669462,False
fyodor-dostoyevsky-white-nights,henry-david-thoreau-maine-woods,0.021852095851,False
fyodor-dostoyevsky-white-nights,mary-shelley-frankenstein,0.0218535947553,False
walter-scott-waverly-1,gustave-flaubert-salammbo,0.0219069643595,False
fyodor-dostoyevsky-the-house-of-the-dead,henry-david-thoreau-walking,0.0219396243621,False
gustave-flaubert-simple-soul,henry-david-thoreau-maine-woods,0.0219505766553,False
margaret-fuller-at-home-and-abroad,mary-shelley-frankenstein,0.0219550021751,False
fyodor-dostoyevsky-white-nights,margaret-fuller-woman-in-the-nineteenth-century,0.0219678702833,False
fyodor-dostoyevsky-uncles-dream,henry-david-thoreau-maine-woods,0.0219762588386,False
fyodor-dostoyevsky-the-house-of-the-dead,henry-david-thoreau-on-duty-civil,0.0220231594498,False
leo-tolstoy-war-and-peace-3,ralph-waldo-emerson-english-traits,0.0220252683336,False
fyodor-dostoyevsky-uncles-dream,margaret-fuller-woman-in-the-nineteenth-century,0.0220403725932,False
gustave-flaubert-short-works,henry-david-thoreau-maine-woods,0.0220670468614,False
henry-david-thoreau-excursions,margaret-fuller-summer-on-the-lakes,0.0220741645121,False
margaret-fuller-at-home-and-abroad,margaret-fuller-woman-in-the-nineteenth-century,0.0221355209121,True
margaret-fuller-life-without-and-life-within,mary-shelley-mathilda,0.0221916621875,False
walter-scott-waverly-2,margaret-fuller-memoirs-of-margaret-fuller-ossoli-vol-1,0.0222000098282,False
margaret-fuller-life-without-and-life-within,mary-shelley-prosepine-midas,0.0222608720065,False
leo-tolstoy-war-and-peace-3,ralph-waldo-emerson-first-series,0.0222687335371,False
fyodor-dostoyevsky-poor-folk,margaret-fuller-memoirs-of-margaret-fuller-ossoli-vol-1,0.0222780820796,False
walter-scott-the-tailsmen,gustave-flaubert-salammbo,0.0223038334239,False
gustave-flaubert-salammbo,margaret-fuller-memoirs-of-margaret-fuller-ossoli-vol-1,0.0223572573206,False
walter-scott-waverly-1,gustave-flaubert-short-works,0.0223742001319,False
gustave-flaubert-madame-bovary,margaret-fuller-summer-on-the-lakes,0.0223954236702,False
walter-scott-waverly-2,mary-shelley-frankenstein,0.0223969751724,False
fyodor-dostoyevsky-the-house-of-the-dead,henry-david-thoreau-excursions,0.0224431454988,False
walter-scott-waverly-1,gustave-flaubert-simple-soul,0.0224561329499,False
walter-scott-waverly-2,margaret-fuller-woman-in-the-nineteenth-century,0.0224785009504,False
henry-david-thoreau-excursions,margaret-fuller-memoirs-of-margaret-fuller-ossoli-vol-1,0.0225184574556,False
walter-scott-waverly-2,margaret-fuller-at-home-and-abroad,0.0225290461648,False
fyodor-dostoyevsky-the-house-of-the-dead,margaret-fuller-memoirs-of-margaret-fuller-ossoli-vol-1,0.0225883197051,False
fyodor-dostoyevsky-poor-folk,margaret-fuller-woman-in-the-nineteenth-century,0.0225952429172,False
margaret-fuller-life-without-and-life-within,mary-shelley-tales-stories,0.022612180476,False
fyodor-dostoyevsky-poor-folk,mary-shelley-frankenstein,0.0226123962035,False
fyodor-dostoyevsky-poor-folk,margaret-fuller-at-home-and-abroad,0.0226487514517,False
gustave-flaubert-temptation-anthony,margaret-fuller-summer-on-the-lakes,0.0227644091019,False
gustave-flaubert-simple-soul,margaret-fuller-memoirs-of-margaret-fuller-ossoli-vol-1,0.0227982738313,False
gustave-flaubert-short-works,margaret-fuller-memoirs-of-margaret-fuller-ossoli-vol-1,0.022871845505,False
walter-scott-the-monestary,fyodor-dostoyevsky-poor-folk,0.0228979277819,False
walter-scott-the-tailsmen,gustave-flaubert-short-works,0.0229135892685,False
walter-scott-the-tailsmen,gustave-flaubert-simple-soul,0.0229215808105,False
fyodor-dostoyevsky-the-gambler,henry-david-thoreau-excursions,0.0231569407508,False
walter-scott-the-monestary,walter-scott-waverly-2,0.023158782585,True
gustave-flaubert-salammbo,margaret-fuller-summer-on-the-lakes,0.0231652401611,False
ralph-waldo-emerson-nature,ralph-waldo-emerson-second-series,0.0232826293597,True
henry-david-thoreau-cape-cod,margaret-fuller-memoirs-of-margaret-fuller-ossoli-vol-1,0.0233198798489,False
fyodor-dostoyevsky-the-gambler,margaret-fuller-memoirs-of-margaret-fuller-ossoli-vol-1,0.0233282179403,False
fyodor-dostoyevsky-the-house-of-the-dead,henry-david-thoreau-maine-woods,0.0233365244464,False
walter-scott-waverly-1,gustave-flaubert-temptation-anthony,0.0233662446679,False
walter-scott-the-tailsmen,gustave-flaubert-temptation-anthony,0.0234140890922,False
fyodor-dostoyevsky-poor-folk,henry-david-thoreau-on-duty-civil,0.0234304193184,False
gustave-flaubert-madame-bovary,mary-shelley-frankenstein,0.0234494189568,False
fyodor-dostoyevsky-poor-folk,henry-david-thoreau-walking,0.0234946238321,False
walter-scott-waverly-2,henry-david-thoreau-on-duty-civil,0.0235127880868,False
leo-tolstoy-war-and-peace-3,ralph-waldo-emerson-nature,0.0235260627007,False
gustave-flaubert-madame-bovary,margaret-fuller-woman-in-the-nineteenth-century,0.0235370486159,False
henry-david-thoreau-excursions,margaret-fuller-life-without-and-life-within,0.0235759931936,False
fyodor-dostoyevsky-the-gambler,henry-david-thoreau-maine-woods,0.0235863898644,False
walter-scott-waverly-2,henry-david-thoreau-walking,0.0235882463795,False
fyodor-dostoyevsky-the-house-of-the-dead,margaret-fuller-summer-on-the-lakes,0.0236672325704,False
walter-scott-waverly-2,margaret-fuller-summer-on-the-lakes,0.0236761152961,False
mary-shelley-frankenstein,samuel-taylor-coleridge-literary-remains,0.0237150178076,False
gustave-flaubert-simple-soul,margaret-fuller-summer-on-the-lakes,0.0237395026441,False
margaret-fuller-woman-in-the-nineteenth-century,samuel-taylor-coleridge-literary-remains,0.0237466957639,False
mary-shelley-tales-stories,samuel-taylor-coleridge-biographia-literaria,0.0237780543165,False
fyodor-dostoyevsky-poor-folk,margaret-fuller-summer-on-the-lakes,0.02380481582,False
gustave-flaubert-short-works,margaret-fuller-summer-on-the-lakes,0.0238228960534,False
gustave-flaubert-temptation-anthony,mary-shelley-frankenstein,0.0240291368085,False
henry-david-thoreau-cape-cod,margaret-fuller-summer-on-the-lakes,0.0240304452252,False
ralph-waldo-emerson-nature,ralph-waldo-emerson-representative-men,0.0240674634515,True
fyodor-dostoyevsky-the-house-of-the-dead,mary-shelley-frankenstein,0.0240857172638,False
walter-scott-the-monestary,fyodor-dostoyevsky-the-gambler,0.0240941388261,False
fyodor-dostoyevsky-the-gambler,mary-shelley-frankenstein,0.0241296222289,False
fyodor-dostoyevsky-the-gambler,margaret-fuller-summer-on-the-lakes,0.0241689390905,False
fyodor-dostoyevsky-the-house-of-the-dead,margaret-fuller-woman-in-the-nineteenth-century,0.0241919234591,False
fyodor-dostoyevsky-the-gambler,margaret-fuller-woman-in-the-nineteenth-century,0.0242402987058,False
gustave-flaubert-salammbo,mary-shelley-frankenstein,0.0243516060841,False
gustave-flaubert-temptation-anthony,margaret-fuller-woman-in-the-nineteenth-century,0.0243971202899,False
samuel-taylor-coleridge-literary-remains,samuel-taylor-coleridge-specimens-of-the-table-talk,0.0244973796288,True
mary-shelley-tales-stories,samuel-taylor-coleridge-literary-remains,0.024500847743,False
mary-shelley-frankenstein,samuel-taylor-coleridge-aids-to-reflection,0.024513781579,False
margaret-fuller-woman-in-the-nineteenth-century,samuel-taylor-coleridge-aids-to-reflection,0.0245438017462,False
fyodor-dostoyevsky-poor-folk,henry-david-thoreau-excursions,0.0246063281674,False
gustave-flaubert-salammbo,margaret-fuller-woman-in-the-nineteenth-century,0.024644523872,False
leo-tolstoy-master-and-men,leo-tolstoy-war-and-peace-1,0.024657764667,True
walter-scott-waverly-2,henry-david-thoreau-excursions,0.0247643590905,False
fyodor-dostoyevsky-poor-folk,henry-david-thoreau-maine-woods,0.0247989816706,False
ralph-waldo-emerson-first-series,ralph-waldo-emerson-second-series,0.0248394234366,True
henry-david-thoreau-on-duty-civil,mary-shelley-frankenstein,0.0248555380549,False
walter-scott-waverly-2,henry-david-thoreau-maine-woods,0.0248681992467,False
henry-david-thoreau-walking,mary-shelley-frankenstein,0.0248757701781,False
margaret-fuller-woman-in-the-nineteenth-century,samuel-taylor-coleridge-biographia-literaria,0.0249192553959,False
mary-shelley-frankenstein,samuel-taylor-coleridge-biographia-literaria,0.0249900436623,False
ralph-waldo-emerson-representative-men,ralph-waldo-emerson-english-traits,0.0250008747183,True
henry-david-thoreau-walking,margaret-fuller-woman-in-the-nineteenth-century,0.025020808129,False
henry-david-thoreau-on-duty-civil,margaret-fuller-woman-in-the-nineteenth-century,0.0250492210832,False
walter-scott-the-tailsmen,margaret-fuller-life-without-and-life-within,0.0250610734632,False
mary-shelley-frankenstein,samuel-taylor-coleridge-shakespere,0.0252425633987,False
fyodor-dostoyevsky-white-nights,mary-shelley-last-man,0.0253014338061,False
fyodor-dostoyevsky-uncles-dream,mary-shelley-last-man,0.0253022470931,False
margaret-fuller-woman-in-the-nineteenth-century,samuel-taylor-coleridge-shakespere,0.0253126482881,False
gustave-flaubert-simple-soul,mary-shelley-frankenstein,0.0253513907698,False
walter-scott-waverly-2,mary-shelley-last-man,0.0253623193579,False
mary-shelley-prosepine-midas,samuel-taylor-coleridge-biographia-literaria,0.0253984755824,False
mary-shelley-mathilda,samuel-taylor-coleridge-biographia-literaria,0.0254135754949,False
gustave-flaubert-short-works,mary-shelley-frankenstein,0.025425805467,False
walter-scott-the-monestary,fyodor-dostoyevsky-uncles-dream,0.025475872181,False
ralph-waldo-emerson-first-series,ralph-waldo-emerson-representative-men,0.0255027148375,True
walter-scott-waverly-1,margaret-fuller-life-without-and-life-within,0.0255059272238,False
mary-shelley-last-man,samuel-taylor-coleridge-biographia-literaria,0.0256485562496,False
fyodor-dostoyevsky-poor-folk,mary-shelley-last-man,0.0256721708893,False
gustave-flaubert-simple-soul,margaret-fuller-woman-in-the-nineteenth-century,0.0256889295218,False
gustave-flaubert-short-works,margaret-fuller-woman-in-the-nineteenth-century,0.0257448968257,False
fyodor-dostoyevsky-uncles-dream,mary-shelley-mathilda,0.025911327297,False
walter-scott-waverly-2,mary-shelley-mathilda,0.0259250587407,False
walter-scott-waverly-2,mary-shelley-prosepine-midas,0.0259355532543,False
walter-scott-the-tailsmen,henry-david-thoreau-cape-cod,0.0259396872392,False
fyodor-dostoyevsky-uncles-dream,mary-shelley-prosepine-midas,0.0259555599572,False
walter-scott-the-monestary,fyodor-dostoyevsky-the-house-of-the-dead,0.0259783688802,False
walter-scott-the-monestary,fyodor-dostoyevsky-white-nights,0.0259795067852,False
margaret-fuller-summer-on-the-lakes,samuel-taylor-coleridge-shakespere,0.0259888944018,False
fyodor-dostoyevsky-white-nights,mary-shelley-mathilda,0.0259924479245,False
fyodor-dostoyevsky-white-nights,mary-shelley-prosepine-midas,0.0260402162072,False
henry-david-thoreau-maine-woods,mary-shelley-frankenstein,0.0260492544735,False
mary-shelley-prosepine-midas,samuel-taylor-coleridge-literary-remains,0.0260556202688,False
mary-shelley-mathilda,samuel-taylor-coleridge-literary-remains,0.0261022173761,False
fyodor-dostoyevsky-uncles-dream,mary-shelley-tales-stories,0.0261420214645,False
walter-scott-waverly-1,henry-david-thoreau-cape-cod,0.0262107793595,False
fyodor-dostoyevsky-poor-folk,mary-shelley-mathilda,0.0262172145391,False
fyodor-dostoyevsky-poor-folk,mary-shelley-prosepine-midas,0.0262312094036,False
ralph-waldo-emerson-second-series,ralph-waldo-emerson-english-traits,0.0262637684836,True
fyodor-dostoyevsky-white-nights,mary-shelley-tales-stories,0.0262672095457,False
henry-david-thoreau-maine-woods,margaret-fuller-woman-in-the-nineteenth-century,0.0262749302791,False
margaret-fuller-memoirs-of-margaret-fuller-ossoli-vol-1,samuel-taylor-coleridge-shakespere,0.0263046551641,False
henry-david-thoreau-cape-cod,mary-shelley-frankenstein,0.0263242812298,False
mary-shelley-last-man,samuel-taylor-coleridge-literary-remains,0.0263302731873,False
leo-tolstoy-war-and-peace-2,ralph-waldo-emerson-english-traits,0.026429381402,False
ralph-waldo-emerson-representative-men,walter-scott-ivanhoe,0.0265915503617,False
walter-scott-waverly-2,mary-shelley-tales-stories,0.0265978355383,False
henry-david-thoreau-cape-cod,margaret-fuller-woman-in-the-nineteenth-century,0.026724632786,False
fyodor-dostoyevsky-poor-folk,mary-shelley-tales-stories,0.0267922189375,False
ralph-waldo-emerson-second-series,walter-scott-ivanhoe,0.0269484867461,False
leo-tolstoy-war-and-peace-1,leo-tolstoy-war-and-peace-2,0.0269807360092,True
walter-scott-the-monestary,margaret-fuller-life-without-and-life-within,0.0270709958858,False
margaret-fuller-summer-on-the-lakes,samuel-taylor-coleridge-literary-remains,0.0271300449967,False
henry-david-thoreau-excursions,mary-shelley-frankenstein,0.0271345424693,False
walter-scott-the-monestary,gustave-flaubert-madame-bovary,0.0271653684681,False
margaret-fuller-at-home-and-abroad,mary-shelley-last-man,0.0274401201918,False
margaret-fuller-at-home-and-abroad,samuel-taylor-coleridge-shakespere,0.0274442324913,False
samuel-taylor-coleridge-literary-remains,samuel-taylor-coleridge-aids-to-reflection,0.0274618101978,True
gustave-flaubert-madame-bovary,mary-shelley-last-man,0.0274851691282,False
leo-tolstoy-war-and-peace-1,leo-tolstoy-war-and-peace-3,0.0275110491971,True
fyodor-dostoyevsky-the-gambler,mary-shelley-last-man,0.0275374383378,False
henry-david-thoreau-excursions,margaret-fuller-woman-in-the-nineteenth-century,0.0275518497421,False
henry-david-thoreau-maine-woods,samuel-taylor-coleridge-specimens-of-the-table-talk,0.0275996038936,False
margaret-fuller-memoirs-of-margaret-fuller-ossoli-vol-1,samuel-taylor-coleridge-literary-remains,0.0276286021352,False
margaret-fuller-at-home-and-abroad,mary-shelley-mathilda,0.027714131494,False
fyodor-dostoyevsky-the-house-of-the-dead,mary-shelley-last-man,0.0277538890506,False
margaret-fuller-at-home-and-abroad,mary-shelley-prosepine-midas,0.0277629647136,False
walter-scott-the-monestary,gustave-flaubert-salammbo,0.0278493380931,False
gustave-flaubert-madame-bovary,mary-shelley-mathilda,0.0278884249422,False
leo-tolstoy-war-and-peace-1,leo-tolstoy-anna-karenina,0.0279182064365,True
gustave-flaubert-madame-bovary,mary-shelley-prosepine-midas,0.0279340009846,False
margaret-fuller-at-home-and-abroad,mary-shelley-tales-stories,0.0279531109729,False
fyodor-dostoyevsky-the-gambler,mary-shelley-mathilda,0.0279588745632,False
fyodor-dostoyevsky-the-gambler,mary-shelley-prosepine-midas,0.0280209527951,False
margaret-fuller-at-home-and-abroad,samuel-taylor-coleridge-specimens-of-the-table-talk,0.0280638930618,False
leo-tolstoy-war-and-peace-2,ralph-waldo-emerson-first-series,0.0281934528308,False
fyodor-dostoyevsky-the-gambler,mary-shelley-tales-stories,0.0281951308565,False
mary-shelley-tales-stories,samuel-taylor-coleridge-shakespere,0.0282355336413,False
gustave-flaubert-madame-bovary,mary-shelley-tales-stories,0.0283861166123,False
walter-scott-the-tailsmen,walter-scott-ivanhoe,0.0283895217917,True
fyodor-dostoyevsky-the-house-of-the-dead,mary-shelley-mathilda,0.0283906264798,False
walter-scott-waverly-1,margaret-fuller-woman-in-the-nineteenth-century,0.0283989620373,False
walter-scott-the-monestary,gustave-flaubert-short-works,0.0284029414464,False
walter-scott-the-monestary,gustave-flaubert-simple-soul,0.0284123193284,False
walter-scott-waverly-1,mary-shelley-frankenstein,0.0284388654608,False
fyodor-dostoyevsky-the-house-of-the-dead,mary-shelley-prosepine-midas,0.0284597558024,False
margaret-fuller-life-without-and-life-within,samuel-taylor-coleridge-shakespere,0.0284775946838,False
walter-scott-waverly-1,margaret-fuller-memoirs-of-margaret-fuller-ossoli-vol-1,0.0285199174598,False
henry-david-thoreau-walking,samuel-taylor-coleridge-shakespere,0.0285546218699,False
walter-scott-the-tailsmen,margaret-fuller-woman-in-the-nineteenth-century,0.0285762052209,False
walter-scott-the-tailsmen,mary-shelley-frankenstein,0.0286284192353,False
walter-scott-the-monestary,gustave-flaubert-temptation-anthony,0.0286467109491,False
margaret-fuller-summer-on-the-lakes,samuel-taylor-coleridge-specimens-of-the-table-talk,0.0286824619123,False
gustave-flaubert-salammbo,mary-shelley-last-man,0.0287254748931,False
fyodor-dostoyevsky-the-house-of-the-dead,mary-shelley-tales-stories,0.0288431898492,False
walter-scott-waverly-1,walter-scott-ivanhoe,0.0288950811781,True
henry-david-thoreau-excursions,samuel-taylor-coleridge-specimens-of-the-table-talk,0.028897736773,False
henry-david-thoreau-on-duty-civil,samuel-taylor-coleridge-shakespere,0.0289312273084,False
gustave-flaubert-temptation-anthony,mary-shelley-last-man,0.0289742479478,False
henry-david-thoreau-walking,samuel-taylor-coleridge-specimens-of-the-table-talk,0.0291802711301,False
walter-scott-waverly-1,henry-david-thoreau-on-duty-civil,0.0291952524597,False
walter-scott-the-tailsmen,margaret-fuller-memoirs-of-margaret-fuller-ossoli-vol-1,0.0292114564016,False
henry-david-thoreau-on-duty-civil,samuel-taylor-coleridge-specimens-of-the-table-talk,0.0292324142047,False
leo-tolstoy-war-and-peace-2,ralph-waldo-emerson-nature,0.0292341293799,False
gustave-flaubert-salammbo,mary-shelley-mathilda,0.0292504877413,False
gustave-flaubert-salammbo,mary-shelley-prosepine-midas,0.0292871635312,False
margaret-fuller-summer-on-the-lakes,samuel-taylor-coleridge-biographia-literaria,0.0293481240421,False
margaret-fuller-memoirs-of-margaret-fuller-ossoli-vol-1,samuel-taylor-coleridge-biographia-literaria,0.0294428531612,False
gustave-flaubert-salammbo,mary-shelley-tales-stories,0.029455358029,False
walter-scott-waverly-1,margaret-fuller-at-home-and-abroad,0.0294848023147,False
margaret-fuller-life-without-and-life-within,samuel-taylor-coleridge-literary-remains,0.029600306975,False
gustave-flaubert-temptation-anthony,mary-shelley-mathilda,0.0296763959378,False
gustave-flaubert-simple-soul,mary-shelley-last-man,0.0297127630513,False
walter-scott-the-tailsmen,margaret-fuller-at-home-and-abroad,0.0297383773733,False
gustave-flaubert-temptation-anthony,mary-shelley-prosepine-midas,0.0297476833399,False
gustave-flaubert-short-works,mary-shelley-last-man,0.0297651684115,False
mary-shelley-prosepine-midas,samuel-taylor-coleridge-shakespere,0.0297925297943,False
margaret-fuller-memoirs-of-margaret-fuller-ossoli-vol-1,samuel-taylor-coleridge-specimens-of-the-table-talk,0.0298230052008,False
mary-shelley-mathilda,samuel-taylor-coleridge-shakespere,0.0298436552696,False
mary-shelley-last-man,samuel-taylor-coleridge-shakespere,0.0298595651199,False
gustave-flaubert-temptation-anthony,mary-shelley-tales-stories,0.0299197686527,False
walter-scott-waverly-1,henry-david-thoreau-excursions,0.0299303942438,False
samuel-taylor-coleridge-biographia-literaria,samuel-taylor-coleridge-specimens-of-the-table-talk,0.0299450566362,True
walter-scott-the-tailsmen,henry-david-thoreau-on-duty-civil,0.0300491386902,False
walter-scott-ivanhoe,fyodor-dostoyevsky-poor-folk,0.0301197622322,False
walter-scott-waverly-1,henry-david-thoreau-walking,0.030129564361,False
walter-scott-waverly-2,walter-scott-ivanhoe,0.0301297866459,True
walter-scott-the-tailsmen,henry-david-thoreau-walking,0.0301567219953,False
walter-scott-waverly-1,henry-david-thoreau-maine-woods,0.030190645314,False
henry-david-thoreau-on-duty-civil,mary-shelley-last-man,0.0302127966307,False
henry-david-thoreau-walking,mary-shelley-last-man,0.0302360818086,False
walter-scott-waverly-1,margaret-fuller-summer-on-the-lakes,0.0302388581611,False
walter-scott-the-monestary,mary-shelley-frankenstein,0.0302580586225,False
walter-scott-the-monestary,margaret-fuller-woman-in-the-nineteenth-century,0.0302957963293,False
walter-scott-the-monestary,henry-david-thoreau-cape-cod,0.0303453534701,False
gustave-flaubert-simple-soul,mary-shelley-mathilda,0.0303977066771,False
henry-david-thoreau-walking,mary-shelley-mathilda,0.030444559501,False
gustave-flaubert-simple-soul,mary-shelley-prosepine-midas,0.0304504396656,False
gustave-flaubert-short-works,mary-shelley-mathilda,0.0304514481353,False
henry-david-thoreau-on-duty-civil,mary-shelley-mathilda,0.0304622661128,False
henry-david-thoreau-walking,mary-shelley-prosepine-midas,0.0304861446273,False
gustave-flaubert-short-works,mary-shelley-prosepine-midas,0.0305064075133,False
henry-david-thoreau-walking,mary-shelley-tales-stories,0.0305068138985,False
henry-david-thoreau-on-duty-civil,mary-shelley-prosepine-midas,0.0305179984405,False
margaret-fuller-at-home-and-abroad,samuel-taylor-coleridge-literary-remains,0.0305307418007,False
henry-david-thoreau-maine-woods,samuel-taylor-coleridge-shakespere,0.0305721501194,False
walter-scott-the-monestary,walter-scott-ivanhoe,0.0305950024109,True
henry-david-thoreau-on-duty-civil,mary-shelley-tales-stories,0.0305951578097,False
walter-scott-the-tailsmen,mary-shelley-last-man,0.0306573517787,False
gustave-flaubert-simple-soul,mary-shelley-tales-stories,0.0306590398872,False
walter-scott-waverly-1,mary-shelley-last-man,0.0307214903094,False
gustave-flaubert-short-works,mary-shelley-tales-stories,0.0307326205081,False
walter-scott-the-tailsmen,mary-shelley-mathilda,0.0307424420728,False
walter-scott-the-tailsmen,mary-shelley-prosepine-midas,0.0307978963402,False
walter-scott-the-tailsmen,margaret-fuller-summer-on-the-lakes,0.0308033086959,False
margaret-fuller-summer-on-the-lakes,samuel-taylor-coleridge-aids-to-reflection,0.0309111303444,False
walter-scott-the-tailsmen,mary-shelley-tales-stories,0.0309220632547,False
walter-scott-ivanhoe,fyodor-dostoyevsky-the-house-of-the-dead,0.0309896574521,False
henry-david-thoreau-walking,samuel-taylor-coleridge-literary-remains,0.0310993219396,False
walter-scott-the-monestary,mary-shelley-tales-stories,0.0311664226511,False
gustave-flaubert-madame-bovary,samuel-taylor-coleridge-shakespere,0.0312207917308,False
gustave-flaubert-madame-bovary,samuel-taylor-coleridge-literary-remains,0.0313287882373,False
margaret-fuller-memoirs-of-margaret-fuller-ossoli-vol-1,samuel-taylor-coleridge-aids-to-reflection,0.0313295098512,False
walter-scott-ivanhoe,gustave-flaubert-salammbo,0.0313410633779,False
walter-scott-ivanhoe,gustave-flaubert-short-works,0.0313522037373,False
walter-scott-the-monestary,mary-shelley-mathilda,0.0313986696339,False
walter-scott-ivanhoe,gustave-flaubert-simple-soul,0.0314490587947,False
walter-scott-the-monestary,mary-shelley-prosepine-midas,0.0314554058882,False
walter-scott-waverly-1,mary-shelley-mathilda,0.0315105678639,False
walter-scott-waverly-1,mary-shelley-prosepine-midas,0.0315204745414,False
henry-david-thoreau-cape-cod,samuel-taylor-coleridge-shakespere,0.0315216068837,False
walter-scott-the-monestary,mary-shelley-last-man,0.0315509587271,False
ralph-waldo-emerson-second-series,gustave-flaubert-salammbo,0.031556241841,False
walter-scott-the-monestary,margaret-fuller-memoirs-of-margaret-fuller-ossoli-vol-1,0.0315595143001,False
henry-david-thoreau-maine-woods,mary-shelley-last-man,0.0315597123544,False
walter-scott-ivanhoe,fyodor-dostoyevsky-the-gambler,0.0315854490979,False
henry-david-thoreau-cape-cod,mary-shelley-last-man,0.0316244221037,False
walter-scott-ivanhoe,gustave-flaubert-madame-bovary,0.0316737832523,False
leo-tolstoy-war-and-peace-3,ralph-waldo-emerson-representative-men,0.031692333408,False
margaret-fuller-life-without-and-life-within,samuel-taylor-coleridge-biographia-literaria,0.0317184285608,False
walter-scott-the-tailsmen,henry-david-thoreau-maine-woods,0.0317440355855,False
henry-david-thoreau-on-duty-civil,samuel-taylor-coleridge-literary-remains,0.0317760040206,False
gustave-flaubert-salammbo,samuel-taylor-coleridge-literary-remains,0.031787672941,False
fyodor-dostoyevsky-uncles-dream,samuel-taylor-coleridge-shakespere,0.0318236136931,False
ralph-waldo-emerson-second-series,gustave-flaubert-short-works,0.0318482217013,False
gustave-flaubert-salammbo,samuel-taylor-coleridge-shakespere,0.0318500094992,False
walter-scott-ivanhoe,fyodor-dostoyevsky-white-nights,0.0318585552325,False
walter-scott-ivanhoe,fyodor-dostoyevsky-uncles-dream,0.0318935031052,False
henry-david-thoreau-maine-woods,mary-shelley-mathilda,0.0319158175751,False
walter-scott-the-tailsmen,henry-david-thoreau-excursions,0.0319383583596,False
fyodor-dostoyevsky-white-nights,samuel-taylor-coleridge-shakespere,0.0319563010983,False
henry-david-thoreau-maine-woods,mary-shelley-prosepine-midas,0.0319653302779,False
henry-david-thoreau-maine-woods,mary-shelley-tales-stories,0.0320058583073,False
ralph-waldo-emerson-second-series,gustave-flaubert-simple-soul,0.0320405067414,False
henry-david-thoreau-cape-cod,mary-shelley-tales-stories,0.0320842433993,False
walter-scott-ivanhoe,gustave-flaubert-temptation-anthony,0.0321140655465,False
henry-david-thoreau-excursions,samuel-taylor-coleridge-shakespere,0.0321704008635,False
ralph-waldo-emerson-second-series,gustave-flaubert-temptation-anthony,0.032201615515,False
henry-david-thoreau-cape-cod,mary-shelley-mathilda,0.0322453306193,False
henry-david-thoreau-cape-cod,mary-shelley-prosepine-midas,0.0323143574717,False
henry-david-thoreau-excursions,mary-shelley-last-man,0.0323171270723,False
gustave-flaubert-temptation-anthony,samuel-taylor-coleridge-shakespere,0.0323285151532,False
walter-scott-waverly-1,mary-shelley-tales-stories,0.0323298945278,False
samuel-taylor-coleridge-shakespere,samuel-taylor-coleridge-aids-to-reflection,0.0323794564406,True
mary-shelley-frankenstein,samuel-taylor-coleridge-specimens-of-the-table-talk,0.0326029154024,False
gustave-flaubert-simple-soul,samuel-taylor-coleridge-shakespere,0.0326372938047,False
henry-david-thoreau-excursions,mary-shelley-tales-stories,0.0326756623238,False
gustave-flaubert-short-works,samuel-taylor-coleridge-shakespere,0.0326963743461,False
margaret-fuller-woman-in-the-nineteenth-century,samuel-taylor-coleridge-specimens-of-the-table-talk,0.0327148640973,False
gustave-flaubert-temptation-anthony,samuel-taylor-coleridge-literary-remains,0.0327301592758,False
henry-david-thoreau-excursions,mary-shelley-mathilda,0.0327495594233,False
fyodor-dostoyevsky-uncles-dream,samuel-taylor-coleridge-literary-remains,0.0327718488626,False
henry-david-thoreau-excursions,mary-shelley-prosepine-midas,0.0328387034074,False
fyodor-dostoyevsky-the-gambler,samuel-taylor-coleridge-literary-remains,0.0328647213416,False
ralph-waldo-emerson-second-series,walter-scott-waverly-2,0.0329339391312,False
fyodor-dostoyevsky-white-nights,samuel-taylor-coleridge-literary-remains,0.0329462898273,False
ralph-waldo-emerson-second-series,gustave-flaubert-madame-bovary,0.0329534176655,False
gustave-flaubert-simple-soul,samuel-taylor-coleridge-literary-remains,0.0329783550385,False
walter-scott-waverly-2,samuel-taylor-coleridge-literary-remains,0.0329895940938,False
gustave-flaubert-short-works,samuel-taylor-coleridge-literary-remains,0.0330532015363,False
fyodor-dostoyevsky-the-gambler,samuel-taylor-coleridge-shakespere,0.0330626638869,False
walter-scott-the-monestary,margaret-fuller-summer-on-the-lakes,0.0330787175376,False
margaret-fuller-at-home-and-abroad,samuel-taylor-coleridge-biographia-literaria,0.0331699175103,False
fyodor-dostoyevsky-poor-folk,samuel-taylor-coleridge-literary-remains,0.0332016626098,False
ralph-waldo-emerson-second-series,fyodor-dostoyevsky-the-gambler,0.0332595837103,False
walter-scott-ivanhoe,henry-david-thoreau-cape-cod,0.0333910874868,False
walter-scott-waverly-2,samuel-taylor-coleridge-shakespere,0.0335283984888,False
ralph-waldo-emerson-second-series,walter-scott-the-tailsmen,0.0335304429322,False
ralph-waldo-emerson-second-series,fyodor-dostoyevsky-poor-folk,0.0335961428439,False
henry-david-thoreau-cape-cod,samuel-taylor-coleridge-literary-remains,0.0336427787345,False
ralph-waldo-emerson-representative-men,walter-scott-waverly-2,0.0337196536938,False
fyodor-dostoyevsky-poor-folk,samuel-taylor-coleridge-shakespere,0.0337877173032,False
margaret-fuller-life-without-and-life-within,samuel-taylor-coleridge-aids-to-reflection,0.0338105192255,False
henry-david-thoreau-maine-woods,samuel-taylor-coleridge-literary-remains,0.033822079739,False
fyodor-dostoyevsky-the-house-of-the-dead,samuel-taylor-coleridge-shakespere,0.0339091843013,False
ralph-waldo-emerson-representative-men,gustave-flaubert-salammbo,0.0340404587742,False
walter-scott-the-monestary,margaret-fuller-at-home-and-abroad,0.0340613653304,False
margaret-fuller-life-without-and-life-within,samuel-taylor-coleridge-specimens-of-the-table-talk,0.0341799997936,False
walter-scott-waverly-2,samuel-taylor-coleridge-biographia-literaria,0.0342208550289,False
walter-scott-the-monestary,henry-david-thoreau-on-duty-civil,0.0342379593275,False
ralph-waldo-emerson-representative-men,fyodor-dostoyevsky-poor-folk,0.0343467638044,False
gustave-flaubert-madame-bovary,samuel-taylor-coleridge-biographia-literaria,0.0343524630624,False
ralph-waldo-emerson-representative-men,walter-scott-the-tailsmen,0.0343689180624,False
fyodor-dostoyevsky-poor-folk,samuel-taylor-coleridge-biographia-literaria,0.0343705670095,False
leo-tolstoy-master-and-men,leo-tolstoy-war-and-peace-2,0.034421360425,True
henry-david-thoreau-cape-cod,samuel-taylor-coleridge-specimens-of-the-table-talk,0.0346118150125,False
fyodor-dostoyevsky-the-house-of-the-dead,samuel-taylor-coleridge-literary-remains,0.0346340570653,False
leo-tolstoy-war-and-peace-3,ralph-waldo-emerson-second-series,0.0346695548455,False
ralph-waldo-emerson-representative-men,gustave-flaubert-short-works,0.034685321568,False
walter-scott-the-monestary,henry-david-thoreau-walking,0.0346874467932,False
ralph-waldo-emerson-representative-men,gustave-flaubert-simple-soul,0.0347987106714,False
ralph-waldo-emerson-second-series,walter-scott-the-monestary,0.0348640316831,False
ralph-waldo-emerson-second-series,fyodor-dostoyevsky-uncles-dream,0.0348876494446,False
fyodor-dostoyevsky-white-nights,samuel-taylor-coleridge-biographia-literaria,0.034907303167,False
fyodor-dostoyevsky-uncles-dream,samuel-taylor-coleridge-biographia-literaria,0.0349113227158,False
ralph-waldo-emerson-representative-men,gustave-flaubert-temptation-anthony,0.0350128519864,False
ralph-waldo-emerson-second-series,fyodor-dostoyevsky-the-house-of-the-dead,0.0351237233902,False
ralph-waldo-emerson-second-series,fyodor-dostoyevsky-white-nights,0.0351564315189,False
ralph-waldo-emerson-representative-men,gustave-flaubert-madame-bovary,0.0351719428666,False
walter-scott-ivanhoe,margaret-fuller-life-without-and-life-within,0.0351728580534,False
ralph-waldo-emerson-representative-men,walter-scott-the-monestary,0.0352634208882,False
henry-david-thoreau-excursions,samuel-taylor-coleridge-literary-remains,0.0353096109318,False
gustave-flaubert-salammbo,samuel-taylor-coleridge-biographia-literaria,0.0353241076585,False
ralph-waldo-emerson-representative-men,fyodor-dostoyevsky-the-gambler,0.0353893385903,False
henry-david-thoreau-walking,samuel-taylor-coleridge-biographia-literaria,0.0354600699256,False
ralph-waldo-emerson-second-series,henry-david-thoreau-walking,0.0355092415337,False
henry-david-thoreau-on-duty-civil,samuel-taylor-coleridge-biographia-literaria,0.0355280578935,False
ralph-waldo-emerson-representative-men,walter-scott-waverly-1,0.0355798977372,False
mary-shelley-tales-stories,samuel-taylor-coleridge-specimens-of-the-table-talk,0.0357093922715,False
ralph-waldo-emerson-representative-men,fyodor-dostoyevsky-uncles-dream,0.0358022354998,False
leo-tolstoy-war-and-peace-2,leo-tolstoy-anna-karenina,0.0358327202024,True
gustave-flaubert-temptation-anthony,samuel-taylor-coleridge-biographia-literaria,0.0358796754934,False
walter-scott-waverly-2,samuel-taylor-coleridge-aids-to-reflection,0.0358945590186,False
walter-scott-the-monestary,henry-david-thoreau-maine-woods,0.035895330525,False
walter-scott-ivanhoe,henry-david-thoreau-excursions,0.0359328472549,False
ralph-waldo-emerson-representative-men,fyodor-dostoyevsky-white-nights,0.0359420626433,False
fyodor-dostoyevsky-uncles-dream,samuel-taylor-coleridge-aids-to-reflection,0.0359557850289,False
walter-scott-the-monestary,henry-david-thoreau-excursions,0.0359750892188,False
fyodor-dostoyevsky-poor-folk,samuel-taylor-coleridge-aids-to-reflection,0.0360315005496,False
fyodor-dostoyevsky-white-nights,samuel-taylor-coleridge-aids-to-reflection,0.0360617251509,False
leo-tolstoy-master-and-men,leo-tolstoy-war-and-peace-3,0.0361240174376,True
ralph-waldo-emerson-second-series,henry-david-thoreau-on-duty-civil,0.036154616397,False
walter-scott-ivanhoe,henry-david-thoreau-maine-woods,0.0361837435229,False
fyodor-dostoyevsky-the-gambler,samuel-taylor-coleridge-biographia-literaria,0.0361989769118,False
ralph-waldo-emerson-second-series,walter-scott-waverly-1,0.0362759326025,False
walter-scott-ivanhoe,henry-david-thoreau-on-duty-civil,0.0363133737806,False
leo-tolstoy-war-and-peace-2,ralph-waldo-emerson-representative-men,0.0363856789641,False
gustave-flaubert-madame-bovary,samuel-taylor-coleridge-specimens-of-the-table-talk,0.0363874909033,False
gustave-flaubert-simple-soul,samuel-taylor-coleridge-biographia-literaria,0.0364828022612,False
ralph-waldo-emerson-representative-men,fyodor-dostoyevsky-the-house-of-the-dead,0.0365031714632,False
gustave-flaubert-short-works,samuel-taylor-coleridge-biographia-literaria,0.0365764701956,False
gustave-flaubert-temptation-anthony,samuel-taylor-coleridge-specimens-of-the-table-talk,0.0367018172575,False
henry-david-thoreau-maine-woods,samuel-taylor-coleridge-biographia-literaria,0.0369579093438,False
gustave-flaubert-salammbo,samuel-taylor-coleridge-specimens-of-the-table-talk,0.0370450928344,False
fyodor-dostoyevsky-the-house-of-the-dead,samuel-taylor-coleridge-biographia-literaria,0.0370472454028,False
walter-scott-ivanhoe,margaret-fuller-memoirs-of-margaret-fuller-ossoli-vol-1,0.0370974046566,False
ralph-waldo-emerson-second-series,margaret-fuller-woman-in-the-nineteenth-century,0.0371958530788,False
ralph-waldo-emerson-second-series,henry-david-thoreau-cape-cod,0.0372043650867,False
walter-scott-ivanhoe,henry-david-thoreau-walking,0.0372478799196,False
gustave-flaubert-madame-bovary,samuel-taylor-coleridge-aids-to-reflection,0.0372643569718,False
leo-tolstoy-war-and-peace-1,ralph-waldo-emerson-english-traits,0.0372786961084,False
ralph-waldo-emerson-second-series,margaret-fuller-memoirs-of-margaret-fuller-ossoli-vol-1,0.0372887789444,False
walter-scott-ivanhoe,margaret-fuller-at-home-and-abroad,0.037374117102,False
ralph-waldo-emerson-second-series,margaret-fuller-summer-on-the-lakes,0.0373917936212,False
fyodor-dostoyevsky-uncles-dream,samuel-taylor-coleridge-specimens-of-the-table-talk,0.0373957575996,False
fyodor-dostoyevsky-white-nights,samuel-taylor-coleridge-specimens-of-the-table-talk,0.0374132081055,False
ralph-waldo-emerson-second-series,mary-shelley-frankenstein,0.0374173182811,False
gustave-flaubert-simple-soul,samuel-taylor-coleridge-specimens-of-the-table-talk,0.037422036259,False
ralph-waldo-emerson-representative-men,margaret-fuller-woman-in-the-nineteenth-century,0.0374925154414,False
gustave-flaubert-short-works,samuel-taylor-coleridge-specimens-of-the-table-talk,0.0375187742299,False
mary-shelley-last-man,samuel-taylor-coleridge-specimens-of-the-table-talk,0.0375588906593,False
walter-scott-the-monestary,samuel-taylor-coleridge-literary-remains,0.0375795850704,False
mary-shelley-prosepine-midas,samuel-taylor-coleridge-specimens-of-the-table-talk,0.0376156451321,False
ralph-waldo-emerson-representative-men,henry-david-thoreau-on-duty-civil,0.0376526541437,False
ralph-waldo-emerson-representative-men,mary-shelley-frankenstein,0.037660776872,False
mary-shelley-mathilda,samuel-taylor-coleridge-specimens-of-the-table-talk,0.0376764727644,False
ralph-waldo-emerson-representative-men,margaret-fuller-memoirs-of-margaret-fuller-ossoli-vol-1,0.0376797955825,False
henry-david-thoreau-cape-cod,samuel-taylor-coleridge-biographia-literaria,0.0377663448859,False
leo-tolstoy-war-and-peace-1,ralph-waldo-emerson-nature,0.0378438564282,False
leo-tolstoy-war-and-peace-3,leo-tolstoy-anna-karenina,0.0378970407812,True
ralph-waldo-emerson-second-series,margaret-fuller-at-home-and-abroad,0.0380102867878,False
leo-tolstoy-war-and-peace-1,ralph-waldo-emerson-first-series,0.0380201947245,False
ralph-waldo-emerson-second-series,henry-david-thoreau-maine-woods,0.0381463897767,False
henry-david-thoreau-excursions,samuel-taylor-coleridge-biographia-literaria,0.0383610377991,False
walter-scott-the-tailsmen,samuel-taylor-coleridge-literary-remains,0.038368844172,False
fyodor-dostoyevsky-the-gambler,samuel-taylor-coleridge-aids-to-reflection,0.038386387855,False
ralph-waldo-emerson-representative-men,margaret-fuller-life-without-and-life-within,0.0383902422256,False
walter-scott-ivanhoe,margaret-fuller-summer-on-the-lakes,0.0384016769588,False
ralph-waldo-emerson-representative-men,henry-david-thoreau-walking,0.0384585324496,False
ralph-waldo-emerson-representative-men,margaret-fuller-summer-on-the-lakes,0.0384672010501,False
walter-scott-ivanhoe,margaret-fuller-woman-in-the-nineteenth-century,0.038515581332,False
walter-scott-ivanhoe,mary-shelley-frankenstein,0.0385342400998,False
ralph-waldo-emerson-second-series,margaret-fuller-life-without-and-life-within,0.0385857398232,False
gustave-flaubert-salammbo,samuel-taylor-coleridge-aids-to-reflection,0.0385870622666,False
fyodor-dostoyevsky-the-house-of-the-dead,samuel-taylor-coleridge-aids-to-reflection,0.038628912751,False
ralph-waldo-emerson-nature,walter-scott-ivanhoe,0.0386534891792,False
margaret-fuller-at-home-and-abroad,samuel-taylor-coleridge-aids-to-reflection,0.0387236151962,False
ralph-waldo-emerson-second-series,henry-david-thoreau-excursions,0.0389485210245,False
ralph-waldo-emerson-representative-men,henry-david-thoreau-maine-woods,0.0390408413761,False
walter-scott-the-tailsmen,samuel-taylor-coleridge-shakespere,0.0390960811253,False
walter-scott-the-monestary,samuel-taylor-coleridge-shakespere,0.0391146308454,False
walter-scott-the-tailsmen,samuel-taylor-coleridge-biographia-literaria,0.0393317690011,False
gustave-flaubert-temptation-anthony,samuel-taylor-coleridge-aids-to-reflection,0.0393518493544,False
walter-scott-the-monestary,samuel-taylor-coleridge-aids-to-reflection,0.0393933530535,False
ralph-waldo-emerson-representative-men,margaret-fuller-at-home-and-abroad,0.0394254353562,False
fyodor-dostoyevsky-the-gambler,samuel-taylor-coleridge-specimens-of-the-table-talk,0.0395180707312,False
walter-scott-waverly-2,samuel-taylor-coleridge-specimens-of-the-table-talk,0.039547729333,False
fyodor-dostoyevsky-the-house-of-the-dead,samuel-taylor-coleridge-specimens-of-the-table-talk,0.0396114460005,False
ralph-waldo-emerson-first-series,walter-scott-ivanhoe,0.0396886722297,False
ralph-waldo-emerson-representative-men,henry-david-thoreau-cape-cod,0.0396899281365,False
walter-scott-the-tailsmen,samuel-taylor-coleridge-aids-to-reflection,0.0397126094727,False
leo-tolstoy-war-and-peace-2,ralph-waldo-emerson-second-series,0.0397159327248,False
walter-scott-waverly-1,samuel-taylor-coleridge-shakespere,0.0397604015685,False
fyodor-dostoyevsky-poor-folk,samuel-taylor-coleridge-specimens-of-the-table-talk,0.0398347331444,False
gustave-flaubert-simple-soul,samuel-taylor-coleridge-aids-to-reflection,0.0399424454512,False
ralph-waldo-emerson-representative-men,henry-david-thoreau-excursions,0.0399495390985,False
ralph-waldo-emerson-second-series,mary-shelley-mathilda,0.039962943205,False
ralph-waldo-emerson-second-series,mary-shelley-prosepine-midas,0.039965767235,False
gustave-flaubert-short-works,samuel-taylor-coleridge-aids-to-reflection,0.0400016570201,False
ralph-waldo-emerson-representative-men,mary-shelley-last-man,0.0400269966014,False
ralph-waldo-emerson-representative-men,mary-shelley-mathilda,0.040042611491,False
ralph-waldo-emerson-representative-men,mary-shelley-prosepine-midas,0.0400582743911,False
walter-scott-waverly-1,samuel-taylor-coleridge-literary-remains,0.0401303122857,False
walter-scott-the-monestary,samuel-taylor-coleridge-biographia-literaria,0.0401643749844,False
ralph-waldo-emerson-second-series,mary-shelley-last-man,0.0401792119743,False
ralph-waldo-emerson-second-series,mary-shelley-tales-stories,0.0402265805275,False
ralph-waldo-emerson-english-traits,walter-scott-ivanhoe,0.0402445245013,False
ralph-waldo-emerson-representative-men,mary-shelley-tales-stories,0.0403338873947,False
walter-scott-waverly-1,samuel-taylor-coleridge-biographia-literaria,0.0406236063493,False
walter-scott-waverly-1,samuel-taylor-coleridge-aids-to-reflection,0.040883844577,False
samuel-taylor-coleridge-specimens-of-the-table-talk,samuel-taylor-coleridge-aids-to-reflection,0.0409414552213,True
henry-david-thoreau-walking,samuel-taylor-coleridge-aids-to-reflection,0.0412330684273,False
henry-david-thoreau-on-duty-civil,samuel-taylor-coleridge-aids-to-reflection,0.0412799948116,False
ralph-waldo-emerson-second-series,samuel-taylor-coleridge-literary-remains,0.0419707423837,False
walter-scott-ivanhoe,mary-shelley-last-man,0.0423414983126,False
henry-david-thoreau-maine-woods,samuel-taylor-coleridge-aids-to-reflection,0.0425378554316,False
henry-david-thoreau-cape-cod,samuel-taylor-coleridge-aids-to-reflection,0.0425695372726,False
leo-tolstoy-master-and-men,ralph-waldo-emerson-english-traits,0.0428549124846,False
leo-tolstoy-war-and-peace-3,walter-scott-ivanhoe,0.0429035090695,False
walter-scott-ivanhoe,mary-shelley-prosepine-midas,0.0430181960711,False
walter-scott-ivanhoe,mary-shelley-mathilda,0.0430321579073,False
ralph-waldo-emerson-nature,gustave-flaubert-salammbo,0.0431225681494,False
henry-david-thoreau-excursions,samuel-taylor-coleridge-aids-to-reflection,0.0431623059863,False
walter-scott-ivanhoe,mary-shelley-tales-stories,0.0433310216117,False
ralph-waldo-emerson-first-series,gustave-flaubert-salammbo,0.0434499082745,False
ralph-waldo-emerson-nature,gustave-flaubert-short-works,0.0435816152821,False
ralph-waldo-emerson-english-traits,gustave-flaubert-salammbo,0.0435933905441,False
ralph-waldo-emerson-nature,gustave-flaubert-simple-soul,0.0437387388001,False
ralph-waldo-emerson-representative-men,samuel-taylor-coleridge-literary-remains,0.0438082085903,False
ralph-waldo-emerson-second-series,samuel-taylor-coleridge-shakespere,0.0438493542539,False
ralph-waldo-emerson-nature,gustave-flaubert-temptation-anthony,0.0439054610881,False
ralph-waldo-emerson-first-series,gustave-flaubert-short-works,0.0439651611525,False
ralph-waldo-emerson-first-series,gustave-flaubert-simple-soul,0.0440971189962,False
ralph-waldo-emerson-english-traits,gustave-flaubert-short-works,0.0441658311908,False
ralph-waldo-emerson-first-series,gustave-flaubert-temptation-anthony,0.044269548268,False
ralph-waldo-emerson-english-traits,gustave-flaubert-simple-soul,0.0443007631865,False
ralph-waldo-emerson-english-traits,gustave-flaubert-temptation-anthony,0.0443967862581,False
ralph-waldo-emerson-second-series,samuel-taylor-coleridge-biographia-literaria,0.044836183788,False
ralph-waldo-emerson-representative-men,samuel-taylor-coleridge-shakespere,0.0449572695955,False
ralph-waldo-emerson-nature,gustave-flaubert-madame-bovary,0.045032553231,False
leo-tolstoy-master-and-men,ralph-waldo-emerson-first-series,0.0450898390241,False
leo-tolstoy-master-and-men,ralph-waldo-emerson-nature,0.0451898956121,False
leo-tolstoy-anna-karenina,ralph-waldo-emerson-english-traits,0.0451936808594,False
ralph-waldo-emerson-first-series,gustave-flaubert-madame-bovary,0.0454402802185,False
ralph-waldo-emerson-representative-men,samuel-taylor-coleridge-biographia-literaria,0.0454659202226,False
walter-scott-the-tailsmen,samuel-taylor-coleridge-specimens-of-the-table-talk,0.0454765992549,False
ralph-waldo-emerson-english-traits,gustave-flaubert-madame-bovary,0.0455020935361,False
ralph-waldo-emerson-nature,henry-david-thoreau-walking,0.0456532194032,False
ralph-waldo-emerson-second-series,samuel-taylor-coleridge-aids-to-reflection,0.0457214941619,False
walter-scott-waverly-1,samuel-taylor-coleridge-specimens-of-the-table-talk,0.0457414691179,False
leo-tolstoy-war-and-peace-2,walter-scott-ivanhoe,0.0458728012147,False
ralph-waldo-emerson-representative-men,samuel-taylor-coleridge-aids-to-reflection,0.0458935413046,False
ralph-waldo-emerson-nature,margaret-fuller-summer-on-the-lakes,0.0460532700583,False
ralph-waldo-emerson-nature,henry-david-thoreau-on-duty-civil,0.0462909312135,False
ralph-waldo-emerson-first-series,henry-david-thoreau-walking,0.0463260999202,False
leo-tolstoy-war-and-peace-1,ralph-waldo-emerson-representative-men,0.0463835292405,False
ralph-waldo-emerson-nature,henry-david-thoreau-maine-woods,0.0465170149874,False
ralph-waldo-emerson-first-series,margaret-fuller-summer-on-the-lakes,0.0465619354598,False
ralph-waldo-emerson-english-traits,walter-scott-waverly-2,0.0466253843547,False
ralph-waldo-emerson-nature,walter-scott-waverly-2,0.0466309431198,False
ralph-waldo-emerson-nature,margaret-fuller-memoirs-of-margaret-fuller-ossoli-vol-1,0.0467729442294,False
ralph-waldo-emerson-english-traits,henry-david-thoreau-walking,0.0468137534785,False
ralph-waldo-emerson-english-traits,margaret-fuller-summer-on-the-lakes,0.0468415898026,False
ralph-waldo-emerson-nature,walter-scott-the-tailsmen,0.0468968869647,False
ralph-waldo-emerson-first-series,henry-david-thoreau-on-duty-civil,0.046933744174,False
ralph-waldo-emerson-nature,fyodor-dostoyevsky-the-gambler,0.0470629440106,False
ralph-waldo-emerson-first-series,henry-david-thoreau-maine-woods,0.0471226717815,False
ralph-waldo-emerson-english-traits,margaret-fuller-memoirs-of-margaret-fuller-ossoli-vol-1,0.0471228833046,False
walter-scott-the-monestary,samuel-taylor-coleridge-specimens-of-the-table-talk,0.0471493101391,False
ralph-waldo-emerson-english-traits,henry-david-thoreau-on-duty-civil,0.0472019400292,False
ralph-waldo-emerson-first-series,walter-scott-waverly-2,0.0472828895953,False
ralph-waldo-emerson-english-traits,fyodor-dostoyevsky-the-gambler,0.0473502765214,False
ralph-waldo-emerson-nature,henry-david-thoreau-excursions,0.0473543668553,False
ralph-waldo-emerson-english-traits,fyodor-dostoyevsky-poor-folk,0.0473650215648,False
ralph-waldo-emerson-nature,fyodor-dostoyevsky-poor-folk,0.0473919631037,False
ralph-waldo-emerson-first-series,margaret-fuller-memoirs-of-margaret-fuller-ossoli-vol-1,0.0474127551434,False
ralph-waldo-emerson-nature,margaret-fuller-at-home-and-abroad,0.0474544215001,False
ralph-waldo-emerson-first-series,fyodor-dostoyevsky-the-gambler,0.0475181206889,False
ralph-waldo-emerson-english-traits,walter-scott-the-tailsmen,0.047612022957,False
leo-tolstoy-anna-karenina,ralph-waldo-emerson-first-series,0.0476196575786,False
ralph-waldo-emerson-first-series,henry-david-thoreau-excursions,0.0476407339485,False
leo-tolstoy-anna-karenina,ralph-waldo-emerson-nature,0.047766140977,False
ralph-waldo-emerson-nature,fyodor-dostoyevsky-uncles-dream,0.0478568123173,False
ralph-waldo-emerson-nature,walter-scott-the-monestary,0.0479330332497,False
ralph-waldo-emerson-english-traits,henry-david-thoreau-maine-woods,0.0479366023452,False
leo-tolstoy-war-and-peace-1,ralph-waldo-emerson-second-series,0.0479544885035,False
ralph-waldo-emerson-english-traits,fyodor-dostoyevsky-uncles-dream,0.0479676537023,False
ralph-waldo-emerson-first-series,margaret-fuller-at-home-and-abroad,0.0480727761588,False
ralph-waldo-emerson-first-series,fyodor-dostoyevsky-poor-folk,0.0481057782349,False
leo-tolstoy-war-and-peace-3,margaret-fuller-summer-on-the-lakes,0.0481981119298,False
ralph-waldo-emerson-nature,fyodor-dostoyevsky-white-nights,0.0482020009662,False
ralph-waldo-emerson-first-series,fyodor-dostoyevsky-uncles-dream,0.048202406848,False
ralph-waldo-emerson-first-series,walter-scott-the-tailsmen,0.0482075623301,False
ralph-waldo-emerson-english-traits,fyodor-dostoyevsky-white-nights,0.0482622793955,False
ralph-waldo-emerson-english-traits,walter-scott-the-monestary,0.0482946951846,False
ralph-waldo-emerson-nature,fyodor-dostoyevsky-the-house-of-the-dead,0.0484189212008,False
ralph-waldo-emerson-english-traits,margaret-fuller-at-home-and-abroad,0.0484599048635,False
leo-tolstoy-war-and-peace-3,gustave-flaubert-short-works,0.0484695533236,False
leo-tolstoy-war-and-peace-3,gustave-flaubert-salammbo,0.0485157511439,False
ralph-waldo-emerson-english-traits,fyodor-dostoyevsky-the-house-of-the-dead,0.0485291505028,False
ralph-waldo-emerson-first-series,fyodor-dostoyevsky-white-nights,0.0485465301194,False
ralph-waldo-emerson-english-traits,henry-david-thoreau-excursions,0.0485813036842,False
ralph-waldo-emerson-english-traits,margaret-fuller-woman-in-the-nineteenth-century,0.0486325164372,False
leo-tolstoy-war-and-peace-3,gustave-flaubert-simple-soul,0.0486352801654,False
leo-tolstoy-war-and-peace-3,gustave-flaubert-temptation-anthony,0.0486552358285,False
ralph-waldo-emerson-first-series,fyodor-dostoyevsky-the-house-of-the-dead,0.0487321187889,False
ralph-waldo-emerson-second-series,samuel-taylor-coleridge-specimens-of-the-table-talk,0.0488214225096,False
ralph-waldo-emerson-english-traits,mary-shelley-frankenstein,0.0489455073347,False
leo-tolstoy-war-and-peace-3,margaret-fuller-memoirs-of-margaret-fuller-ossoli-vol-1,0.0489526747,False
walter-scott-ivanhoe,samuel-taylor-coleridge-literary-remains,0.0490090209586,False
ralph-waldo-emerson-nature,margaret-fuller-woman-in-the-nineteenth-century,0.0490225605574,False
ralph-waldo-emerson-nature,walter-scott-waverly-1,0.0490557525626,False
walter-scott-ivanhoe,samuel-taylor-coleridge-shakespere,0.0491239335634,False
ralph-waldo-emerson-first-series,walter-scott-the-monestary,0.049285787639,False
ralph-waldo-emerson-nature,mary-shelley-frankenstein,0.0492983371129,False
leo-tolstoy-war-and-peace-3,gustave-flaubert-madame-bovary,0.0493782504361,False
ralph-waldo-emerson-english-traits,walter-scott-waverly-1,0.0494757794691,False
ralph-waldo-emerson-first-series,walter-scott-waverly-1,0.0496146018754,False
ralph-waldo-emerson-nature,henry-david-thoreau-cape-cod,0.0496909541277,False
walter-scott-ivanhoe,samuel-taylor-coleridge-biographia-literaria,0.0498042663413,False
ralph-waldo-emerson-first-series,margaret-fuller-woman-in-the-nineteenth-century,0.0498140494329,False
ralph-waldo-emerson-representative-men,samuel-taylor-coleridge-specimens-of-the-table-talk,0.0499277581402,False
leo-tolstoy-master-and-men,ralph-waldo-emerson-representative-men,0.0500523302472,False
ralph-waldo-emerson-first-series,mary-shelley-frankenstein,0.0500673288288,False
ralph-waldo-emerson-first-series,henry-david-thoreau-cape-cod,0.0501528275162,False
ralph-waldo-emerson-english-traits,henry-david-thoreau-cape-cod,0.0502117158923,False
leo-tolstoy-war-and-peace-3,walter-scott-waverly-2,0.0502519441869,False
ralph-waldo-emerson-english-traits,margaret-fuller-life-without-and-life-within,0.0503271762467,False
leo-tolstoy-war-and-peace-3,fyodor-dostoyevsky-uncles-dream,0.0503311141414,False
ralph-waldo-emerson-nature,margaret-fuller-life-without-and-life-within,0.0504249893528,False
leo-tolstoy-war-and-peace-3,fyodor-dostoyevsky-white-nights,0.0507121412713,False
ralph-waldo-emerson-english-traits,mary-shelley-tales-stories,0.0507784488997,False
ralph-waldo-emerson-english-traits,mary-shelley-mathilda,0.050816972923,False
leo-tolstoy-war-and-peace-2,margaret-fuller-summer-on-the-lakes,0.0508713684378,False
ralph-waldo-emerson-english-traits,mary-shelley-prosepine-midas,0.0508877029654,False
walter-scott-ivanhoe,samuel-taylor-coleridge-specimens-of-the-table-talk,0.0509607105192,False
leo-tolstoy-war-and-peace-3,fyodor-dostoyevsky-poor-folk,0.0510942769618,False
walter-scott-ivanhoe,samuel-taylor-coleridge-aids-to-reflection,0.0511258773675,False
ralph-waldo-emerson-first-series,margaret-fuller-life-without-and-life-within,0.0511329677493,False
leo-tolstoy-war-and-peace-3,fyodor-dostoyevsky-the-gambler,0.0511922671498,False
leo-tolstoy-war-and-peace-2,margaret-fuller-memoirs-of-margaret-fuller-ossoli-vol-1,0.0512367576935,False
leo-tolstoy-war-and-peace-3,fyodor-dostoyevsky-the-house-of-the-dead,0.0513009061861,False
leo-tolstoy-anna-karenina,ralph-waldo-emerson-representative-men,0.0513206171779,False
leo-tolstoy-war-and-peace-3,margaret-fuller-at-home-and-abroad,0.0513308366328,False
leo-tolstoy-war-and-peace-3,henry-david-thoreau-maine-woods,0.0513456596196,False
ralph-waldo-emerson-nature,mary-shelley-mathilda,0.0514471006533,False
ralph-waldo-emerson-nature,mary-shelley-prosepine-midas,0.0515077326499,False
ralph-waldo-emerson-nature,mary-shelley-tales-stories,0.0515601239774,False
leo-tolstoy-war-and-peace-3,walter-scott-the-tailsmen,0.0515855324975,False
leo-tolstoy-war-and-peace-3,margaret-fuller-woman-in-the-nineteenth-century,0.0516107858663,False
ralph-waldo-emerson-english-traits,mary-shelley-last-man,0.0516724416781,False
leo-tolstoy-war-and-peace-3,mary-shelley-frankenstein,0.0518382961217,False
ralph-waldo-emerson-english-traits,samuel-taylor-coleridge-literary-remains,0.051948732229,False
leo-tolstoy-war-and-peace-3,henry-david-thoreau-excursions,0.0520740924911,False
leo-tolstoy-war-and-peace-3,henry-david-thoreau-on-duty-civil,0.0522454514895,False
ralph-waldo-emerson-first-series,mary-shelley-mathilda,0.052317308535,False
ralph-waldo-emerson-nature,mary-shelley-last-man,0.0523636805827,False
ralph-waldo-emerson-first-series,mary-shelley-prosepine-midas,0.0523815169529,False
ralph-waldo-emerson-first-series,mary-shelley-tales-stories,0.0525418497622,False
leo-tolstoy-war-and-peace-3,walter-scott-the-monestary,0.0525797372258,False
leo-tolstoy-war-and-peace-2,walter-scott-waverly-2,0.0525942078393,False
leo-tolstoy-war-and-peace-3,henry-david-thoreau-walking,0.0525976475306,False
ralph-waldo-emerson-english-traits,samuel-taylor-coleridge-shakespere,0.0526718691966,False
leo-tolstoy-war-and-peace-3,samuel-taylor-coleridge-specimens-of-the-table-talk,0.0526742757786,False
leo-tolstoy-war-and-peace-2,gustave-flaubert-short-works,0.05271803449,False
leo-tolstoy-war-and-peace-2,gustave-flaubert-temptation-anthony,0.052835553083,False
ralph-waldo-emerson-nature,samuel-taylor-coleridge-literary-remains,0.0528365081386,False
leo-tolstoy-war-and-peace-3,walter-scott-waverly-1,0.0528832089905,False
leo-tolstoy-war-and-peace-2,gustave-flaubert-simple-soul,0.0529108385223,False
leo-tolstoy-war-and-peace-2,gustave-flaubert-salammbo,0.0529196819557,False
leo-tolstoy-war-and-peace-2,gustave-flaubert-madame-bovary,0.0529233898682,False
leo-tolstoy-war-and-peace-2,fyodor-dostoyevsky-white-nights,0.053031930737,False
leo-tolstoy-war-and-peace-2,fyodor-dostoyevsky-uncles-dream,0.0530504518825,False
leo-tolstoy-master-and-men,ralph-waldo-emerson-second-series,0.0530802942521,False
leo-tolstoy-war-and-peace-3,margaret-fuller-life-without-and-life-within,0.0531426858862,False
ralph-waldo-emerson-first-series,mary-shelley-last-man,0.0531963173754,False
ralph-waldo-emerson-nature,samuel-taylor-coleridge-specimens-of-the-table-talk,0.0533835578117,False
ralph-waldo-emerson-first-series,samuel-taylor-coleridge-literary-remains,0.0534446170352,False
leo-tolstoy-war-and-peace-2,fyodor-dostoyevsky-poor-folk,0.0535464246987,False
leo-tolstoy-war-and-peace-2,margaret-fuller-woman-in-the-nineteenth-century,0.0536346655843,False
ralph-waldo-emerson-nature,samuel-taylor-coleridge-shakespere,0.0538289704855,False
ralph-waldo-emerson-first-series,samuel-taylor-coleridge-specimens-of-the-table-talk,0.0538783983261,False
leo-tolstoy-war-and-peace-2,fyodor-dostoyevsky-the-house-of-the-dead,0.0540510053896,False
ralph-waldo-emerson-english-traits,samuel-taylor-coleridge-specimens-of-the-table-talk,0.0540755940308,False
ralph-waldo-emerson-english-traits,samuel-taylor-coleridge-biographia-literaria,0.0540786417602,False
leo-tolstoy-war-and-peace-2,mary-shelley-frankenstein,0.054113571096,False
ralph-waldo-emerson-english-traits,samuel-taylor-coleridge-aids-to-reflection,0.0541296724019,False
leo-tolstoy-war-and-peace-2,walter-scott-the-tailsmen,0.0541684185743,False
leo-tolstoy-war-and-peace-2,margaret-fuller-at-home-and-abroad,0.0542230620194,False
leo-tolstoy-war-and-peace-2,fyodor-dostoyevsky-the-gambler,0.0543074729081,False
leo-tolstoy-war-and-peace-2,henry-david-thoreau-maine-woods,0.054319114416,False
ralph-waldo-emerson-first-series,samuel-taylor-coleridge-shakespere,0.0544017316351,False
leo-tolstoy-war-and-peace-3,mary-shelley-tales-stories,0.0545932399707,False
leo-tolstoy-war-and-peace-3,mary-shelley-mathilda,0.0547515790453,False
leo-tolstoy-war-and-peace-3,mary-shelley-prosepine-midas,0.0547715801769,False
leo-tolstoy-anna-karenina,ralph-waldo-emerson-second-series,0.0548322570192,False
leo-tolstoy-war-and-peace-2,walter-scott-the-monestary,0.0550630845628,False
leo-tolstoy-war-and-peace-2,walter-scott-waverly-1,0.0551122986947,False
leo-tolstoy-war-and-peace-3,mary-shelley-last-man,0.0551709581962,False
ralph-waldo-emerson-nature,samuel-taylor-coleridge-aids-to-reflection,0.0552182468588,False
leo-tolstoy-war-and-peace-3,henry-david-thoreau-cape-cod,0.0552528842687,False
leo-tolstoy-war-and-peace-3,samuel-taylor-coleridge-shakespere,0.0553047407715,False
leo-tolstoy-war-and-peace-2,margaret-fuller-life-without-and-life-within,0.0553886151517,False
ralph-waldo-emerson-nature,samuel-taylor-coleridge-biographia-literaria,0.0553972686814,False
leo-tolstoy-war-and-peace-2,henry-david-thoreau-excursions,0.0554501860805,False
leo-tolstoy-war-and-peace-2,henry-david-thoreau-on-duty-civil,0.0554587337508,False
leo-tolstoy-war-and-peace-2,samuel-taylor-coleridge-specimens-of-the-table-talk,0.0557085359591,False
leo-tolstoy-war-and-peace-1,walter-scott-ivanhoe,0.055841074668,False
ralph-waldo-emerson-first-series,samuel-taylor-coleridge-biographia-literaria,0.0558428485907,False
leo-tolstoy-war-and-peace-3,samuel-taylor-coleridge-literary-remains,0.0561618904462,False
ralph-waldo-emerson-first-series,samuel-taylor-coleridge-aids-to-reflection,0.056180402155,False
leo-tolstoy-war-and-peace-2,henry-david-thoreau-walking,0.0562308366703,False
leo-tolstoy-war-and-peace-2,mary-shelley-tales-stories,0.0565686623531,False
leo-tolstoy-war-and-peace-2,mary-shelley-mathilda,0.0567556791444,False
leo-tolstoy-war-and-peace-2,mary-shelley-prosepine-midas,0.0567836102186,False
leo-tolstoy-war-and-peace-1,margaret-fuller-summer-on-the-lakes,0.0568020076425,False
leo-tolstoy-master-and-men,margaret-fuller-summer-on-the-lakes,0.0568359982506,False
leo-tolstoy-war-and-peace-2,mary-shelley-last-man,0.0571223438382,False
leo-tolstoy-war-and-peace-1,margaret-fuller-memoirs-of-margaret-fuller-ossoli-vol-1,0.0575549333796,False
leo-tolstoy-anna-karenina,margaret-fuller-summer-on-the-lakes,0.0576170119565,False
leo-tolstoy-war-and-peace-1,gustave-flaubert-salammbo,0.0576468216552,False
leo-tolstoy-war-and-peace-3,samuel-taylor-coleridge-biographia-literaria,0.057756650276,False
leo-tolstoy-war-and-peace-1,gustave-flaubert-short-works,0.0577744317867,False
leo-tolstoy-war-and-peace-1,gustave-flaubert-temptation-anthony,0.0578760430132,False
leo-tolstoy-master-and-men,margaret-fuller-memoirs-of-margaret-fuller-ossoli-vol-1,0.0578840695076,False
leo-tolstoy-war-and-peace-1,gustave-flaubert-simple-soul,0.057945221988,False
leo-tolstoy-master-and-men,walter-scott-ivanhoe,0.05801091835,False
leo-tolstoy-war-and-peace-1,gustave-flaubert-madame-bovary,0.0581621703539,False
leo-tolstoy-war-and-peace-3,samuel-taylor-coleridge-aids-to-reflection,0.0582388260801,False
leo-tolstoy-war-and-peace-2,samuel-taylor-coleridge-shakespere,0.0583827053027,False
leo-tolstoy-anna-karenina,margaret-fuller-memoirs-of-margaret-fuller-ossoli-vol-1,0.0585061839954,False
leo-tolstoy-anna-karenina,walter-scott-ivanhoe,0.0585292211825,False
leo-tolstoy-war-and-peace-2,henry-david-thoreau-cape-cod,0.0588674681232,False
leo-tolstoy-war-and-peace-1,walter-scott-waverly-2,0.0589213055755,False
leo-tolstoy-war-and-peace-1,fyodor-dostoyevsky-uncles-dream,0.0590425716371,False
leo-tolstoy-war-and-peace-2,samuel-taylor-coleridge-literary-remains,0.0593314049448,False
leo-tolstoy-war-and-peace-1,fyodor-dostoyevsky-white-nights,0.0593386614557,False
leo-tolstoy-war-and-peace-1,margaret-fuller-at-home-and-abroad,0.0593656811075,False
leo-tolstoy-war-and-peace-1,henry-david-thoreau-maine-woods,0.0595304279032,False
leo-tolstoy-war-and-peace-1,margaret-fuller-woman-in-the-nineteenth-century,0.0595506326332,False
leo-tolstoy-war-and-peace-1,fyodor-dostoyevsky-the-gambler,0.0597020203494,False
leo-tolstoy-war-and-peace-1,fyodor-dostoyevsky-poor-folk,0.0597877583292,False
leo-tolstoy-war-and-peace-1,mary-shelley-frankenstein,0.0598165274518,False
leo-tolstoy-master-and-men,walter-scott-waverly-2,0.0598181360757,False
leo-tolstoy-war-and-peace-1,fyodor-dostoyevsky-the-house-of-the-dead,0.0599724869803,False
leo-tolstoy-war-and-peace-1,walter-scott-the-tailsmen,0.059976608566,False
leo-tolstoy-war-and-peace-2,samuel-taylor-coleridge-biographia-literaria,0.0601086996252,False
leo-tolstoy-master-and-men,margaret-fuller-woman-in-the-nineteenth-century,0.060153363193,False
leo-tolstoy-master-and-men,fyodor-dostoyevsky-uncles-dream,0.0601795277083,False
leo-tolstoy-master-and-men,mary-shelley-frankenstein,0.0602724264671,False
leo-tolstoy-war-and-peace-2,samuel-taylor-coleridge-aids-to-reflection,0.0602815666648,False
leo-tolstoy-war-and-peace-1,henry-david-thoreau-excursions,0.0603494534021,False
leo-tolstoy-war-and-peace-1,henry-david-thoreau-on-duty-civil,0.0603555206066,False
leo-tolstoy-master-and-men,fyodor-dostoyevsky-white-nights,0.0604007825257,False
leo-tolstoy-master-and-men,gustave-flaubert-short-works,0.0606080454636,False
leo-tolstoy-war-and-peace-1,walter-scott-the-monestary,0.0606208441577,False
leo-tolstoy-war-and-peace-1,samuel-taylor-coleridge-specimens-of-the-table-talk,0.0606303155475,False
leo-tolstoy-master-and-men,gustave-flaubert-salammbo,0.0606701719219,False
leo-tolstoy-war-and-peace-1,henry-david-thoreau-walking,0.0606872959614,False
leo-tolstoy-master-and-men,gustave-flaubert-madame-bovary,0.0607412982878,False
leo-tolstoy-master-and-men,gustave-flaubert-simple-soul,0.0607520354016,False
leo-tolstoy-anna-karenina,fyodor-dostoyevsky-uncles-dream,0.0607614853672,False
leo-tolstoy-master-and-men,fyodor-dostoyevsky-poor-folk,0.0607659138252,False
leo-tolstoy-anna-karenina,mary-shelley-frankenstein,0.0607950121275,False
leo-tolstoy-anna-karenina,margaret-fuller-woman-in-the-nineteenth-century,0.0608137758553,False
leo-tolstoy-anna-karenina,walter-scott-waverly-2,0.0608302934712,False
leo-tolstoy-master-and-men,gustave-flaubert-temptation-anthony,0.0608354534091,False
leo-tolstoy-anna-karenina,fyodor-dostoyevsky-white-nights,0.0609052757269,False
leo-tolstoy-master-and-men,margaret-fuller-at-home-and-abroad,0.0611389547942,False
leo-tolstoy-war-and-peace-1,samuel-taylor-coleridge-aids-to-reflection,0.0611496922986,False
leo-tolstoy-master-and-men,henry-david-thoreau-maine-woods,0.0613973834093,False
leo-tolstoy-master-and-men,fyodor-dostoyevsky-the-house-of-the-dead,0.0614537673678,False
leo-tolstoy-master-and-men,fyodor-dostoyevsky-the-gambler,0.0615597344561,False
leo-tolstoy-war-and-peace-1,walter-scott-waverly-1,0.0615709617555,False
leo-tolstoy-war-and-peace-1,samuel-taylor-coleridge-biographia-literaria,0.0616371986049,False
leo-tolstoy-anna-karenina,fyodor-dostoyevsky-poor-folk,0.0616880248771,False
leo-tolstoy-master-and-men,henry-david-thoreau-excursions,0.0617287420464,False
leo-tolstoy-master-and-men,samuel-taylor-coleridge-aids-to-reflection,0.0618375918055,False
leo-tolstoy-war-and-peace-1,margaret-fuller-life-without-and-life-within,0.0619148392487,False
leo-tolstoy-anna-karenina,gustave-flaubert-short-works,0.0619177222308,False
leo-tolstoy-master-and-men,walter-scott-the-tailsmen,0.0619205582515,False
leo-tolstoy-master-and-men,mary-shelley-tales-stories,0.0619607383268,False
leo-tolstoy-anna-karenina,gustave-flaubert-simple-soul,0.0620948005893,False
leo-tolstoy-anna-karenina,gustave-flaubert-salammbo,0.062111097993,False
leo-tolstoy-anna-karenina,mary-shelley-tales-stories,0.0621895283406,False
leo-tolstoy-master-and-men,margaret-fuller-life-without-and-life-within,0.0621988123161,False
leo-tolstoy-anna-karenina,gustave-flaubert-temptation-anthony,0.0622076964489,False
leo-tolstoy-anna-karenina,fyodor-dostoyevsky-the-house-of-the-dead,0.0622229391424,False
leo-tolstoy-anna-karenina,walter-scott-waverly-1,0.0622270764484,False
leo-tolstoy-anna-karenina,gustave-flaubert-madame-bovary,0.0622296022445,False
leo-tolstoy-master-and-men,walter-scott-the-monestary,0.0622394801835,False
leo-tolstoy-anna-karenina,henry-david-thoreau-maine-woods,0.0623069682183,False
leo-tolstoy-anna-karenina,mary-shelley-last-man,0.0623222885741,False
leo-tolstoy-anna-karenina,mary-shelley-mathilda,0.0623408528698,False
leo-tolstoy-anna-karenina,samuel-taylor-coleridge-aids-to-reflection,0.0623535447586,False
leo-tolstoy-master-and-men,mary-shelley-mathilda,0.0623719305034,False
leo-tolstoy-anna-karenina,mary-shelley-prosepine-midas,0.0623790857082,False
leo-tolstoy-master-and-men,mary-shelley-prosepine-midas,0.0624070722659,False
leo-tolstoy-master-and-men,henry-david-thoreau-on-duty-civil,0.0624121172848,False
leo-tolstoy-war-and-peace-1,mary-shelley-tales-stories,0.0624169605837,False
leo-tolstoy-anna-karenina,margaret-fuller-at-home-and-abroad,0.0624334067334,False
leo-tolstoy-master-and-men,walter-scott-waverly-1,0.0624914474281,False
leo-tolstoy-anna-karenina,margaret-fuller-life-without-and-life-within,0.0626616237564,False
leo-tolstoy-war-and-peace-1,mary-shelley-mathilda,0.0627723106746,False
leo-tolstoy-war-and-peace-1,mary-shelley-prosepine-midas,0.0627814424954,False
leo-tolstoy-anna-karenina,henry-david-thoreau-excursions,0.0627923111287,False
leo-tolstoy-anna-karenina,fyodor-dostoyevsky-the-gambler,0.0628564770156,False
leo-tolstoy-master-and-men,mary-shelley-last-man,0.0629146760917,False
leo-tolstoy-war-and-peace-1,samuel-taylor-coleridge-shakespere,0.0630086866143,False
leo-tolstoy-anna-karenina,walter-scott-the-tailsmen,0.0630311278735,False
leo-tolstoy-master-and-men,henry-david-thoreau-walking,0.0632594069568,False
leo-tolstoy-war-and-peace-1,samuel-taylor-coleridge-literary-remains,0.0632714105648,False
leo-tolstoy-war-and-peace-1,mary-shelley-last-man,0.0633839044138,False
leo-tolstoy-anna-karenina,henry-david-thoreau-on-duty-civil,0.0635193158722,False
leo-tolstoy-anna-karenina,walter-scott-the-monestary,0.0635278136194,False
leo-tolstoy-war-and-peace-1,henry-david-thoreau-cape-cod,0.0637758749386,False
leo-tolstoy-master-and-men,samuel-taylor-coleridge-biographia-literaria,0.0641207169162,False
leo-tolstoy-master-and-men,samuel-taylor-coleridge-specimens-of-the-table-talk,0.0643546678543,False
leo-tolstoy-anna-karenina,henry-david-thoreau-walking,0.0646827591146,False
leo-tolstoy-master-and-men,henry-david-thoreau-cape-cod,0.0655410797598,False
leo-tolstoy-anna-karenina,samuel-taylor-coleridge-biographia-literaria,0.0655878421354,False
leo-tolstoy-anna-karenina,samuel-taylor-coleridge-specimens-of-the-table-talk,0.0657156611444,False
leo-tolstoy-master-and-men,samuel-taylor-coleridge-shakespere,0.0659696725625,False
leo-tolstoy-master-and-men,samuel-taylor-coleridge-literary-remains,0.0665778415109,False
leo-tolstoy-anna-karenina,henry-david-thoreau-cape-cod,0.0666661546728,False
leo-tolstoy-anna-karenina,samuel-taylor-coleridge-shakespere,0.0674712914671,False
leo-tolstoy-anna-karenina,samuel-taylor-coleridge-literary-remains,0.0685157659638,False
